nama_tempat,rating_tempat,user_ratings_total,latitude,longitude,alamat_tempat,place_id,store,place_id.1,nama_kelurahan,nama_kecamatan,nama_kota,nomor
alfamart fatmawati 4,3.7,24,-6.2799761,106.79663,"jl. rs. fatmawati raya no.4, rt.3/rw.10, cilandak bar., kota jakarta selatan",ChIJY8eo0erxaS4R661fqNiVJsw,Alfamart,ChIJY8eo0erxaS4R661fqNiVJsw,Cilandak Barat,Cilandak,Kota Jakarta Selatan,47
alfamart,4.1,101,-6.303783,106.7814079,"jl. karang tengah raya no.kel, rt.6/rw.4, lb. bulus, kota jakarta selatan",ChIJQfRfkSjuaS4RAiYQMIXjONI,Alfamart,ChIJQfRfkSjuaS4RAiYQMIXjONI,Lebak Bulus,Cilandak,Kota Jakarta Selatan,48
alfamart,3.8,16,-6.2776194,106.801396,"jl. cipete raya no.6, rt.6/rw.3 kel, cipete sel., kota jakarta selatan",ChIJvyXGa5PxaS4RGwSTqw4eyNI,Alfamart,ChIJvyXGa5PxaS4RGwSTqw4eyNI,Cipete Selatan,Cilandak,Kota Jakarta Selatan,49
alfamart pos fatmawati(1m1f),0.0,0,-6.2943276,106.7947017,"jl. rs. fatmawati raya no.10, rt.2/rw.4, cilandak bar., kota jakarta selatan",ChIJ07uYzrfxaS4RVVcyUC4vxQI,Alfamart,ChIJ07uYzrfxaS4RVVcyUC4vxQI,Cilandak Barat,Cilandak,Kota Jakarta Selatan,50
sumber alfaria trijaya. pt (alfamart),1.0,2,-6.3065871,106.7813887,"jl. karang tengah raya no.29, rt.6/rw.4, lb. bulus, kota jakarta selatan",ChIJeZ_0Qy_uaS4RxNoVOQP_Nyc,Alfamart,ChIJeZ_0Qy_uaS4RxNoVOQP_Nyc,Lebak Bulus,Cilandak,Kota Jakarta Selatan,51
alfamart pondok labu,4.4,83,-6.3050746,106.794028,"jl. pd. labu 1 no.40, rt.2/rw.7, pd. labu, kota jakarta selatan",ChIJ38bENAvvaS4R1LdbC5p-uDE,Alfamart,ChIJ38bENAvvaS4R1LdbC5p-uDE,Pondok Labu,Cilandak,Kota Jakarta Selatan,52
alfamart,4.3,11,-6.3101879,106.7901479,"jl. h. ipin kel no.45 - a, rt.11/rw.1, pd. labu, kota jakarta selatan",ChIJk3cbNCPuaS4RrWMFJhBGcY0,Alfamart,ChIJk3cbNCPuaS4RrWMFJhBGcY0,Pondok Labu,Cilandak,Kota Jakarta Selatan,53
alfamart,4.6,5,-6.2962773,106.7897248,"jl. lebak bulus 1 rt 3/4 kel, rt.3/rw.4, cilandak bar., kota jakarta selatan",ChIJCx-hv97xaS4R-d86cMw_-Vs,Alfamart,ChIJCx-hv97xaS4R-d86cMw_-Vs,Cilandak Barat,Cilandak,Kota Jakarta Selatan,54
bright by alfamart,0.0,0,-6.3037727,106.7821517,"jl. karang tengah raya no.71, rt.7/rw.4, lb. bulus, kota jakarta selatan",ChIJx7rEgOnvaS4REZVEtk4z2X4,Alfamart,ChIJx7rEgOnvaS4REZVEtk4z2X4,Lebak Bulus,Cilandak,Kota Jakarta Selatan,55
alfamart,3.8,23,-6.2822937,106.7923652,"jl. terogong raya no.kel, rt.9/rw.10, cilandak bar., kota jakarta selatan",ChIJh6MqthnxaS4RX-VZKA02g-s,Alfamart,ChIJh6MqthnxaS4RX-VZKA02g-s,Cilandak Barat,Cilandak,Kota Jakarta Selatan,56
alfamart,0.0,0,-6.2929597,106.803038,"sovereign plaza, gedung, jl. tb simatupang kel no.kav.36, rt.2/rw.2, west cilandak, south jakarta city",ChIJqZkyc27xaS4R5CzWGNuI-sc,Alfamart,ChIJqZkyc27xaS4R5CzWGNuI-sc,Cilandak Barat,Cilandak,Kota Jakarta Selatan,57
alfamart,0.0,0,-6.2904353,106.7954148,"jl. rs. fatmawati raya kel no.33, rt. 01/09, rt.1/rw.9, cilandak bar., kota jakarta selatan",ChIJTYWeG7_xaS4RP-aI5kJQ4Rw,Alfamart,ChIJTYWeG7_xaS4RP-aI5kJQ4Rw,Cilandak Barat,Cilandak,Kota Jakarta Selatan,58
alfamart,4.2,239,-6.3083256,106.7978603,"jl. pinang raya kel no.6, rt.2/rw.2, pd. labu, kota jakarta selatan",ChIJgwgjsBnuaS4ROK7tEhrHbHM,Alfamart,ChIJgwgjsBnuaS4ROK7tEhrHbHM,Pondok Labu,Cilandak,Kota Jakarta Selatan,59
alfamart,0.0,0,-6.2795082,106.8072247,"prc4+5ww, rt.6/rw.11, west cilandak, south jakarta city",ChIJg1z4LdjxaS4RtLCmQRpbnE0,Alfamart,ChIJg1z4LdjxaS4RtLCmQRpbnE0,Cilandak Barat,Cilandak,Kota Jakarta Selatan,60
alfamart,4.4,58,-6.3111021,106.7857304,"jl. karang tengah i kel no.2a, rt.3/rw.8, lb. bulus, kota jakarta selatan",ChIJHUbBKDvuaS4RTSYAiwoXKDw,Alfamart,ChIJHUbBKDvuaS4RTSYAiwoXKDw,Lebak Bulus,Cilandak,Kota Jakarta Selatan,61
alfamart muhasyim,4.5,38,-6.2875123,106.7906552,"jl. kh muhasim raya no.9, rw.6, cilandak bar., kota jakarta selatan",ChIJ7TD6i8HxaS4R7XtoeIg2qwc,Alfamart,ChIJ7TD6i8HxaS4R7XtoeIg2qwc,Cilandak Barat,Cilandak,Kota Jakarta Selatan,62
alfamart,0.0,0,-6.3105462,106.7937534,"jl. pd. labu raya no.7, rw.1, pd. labu, kota jakarta selatan",ChIJmcOA6EXvaS4RQqMPIIRVwRA,Alfamart,ChIJmcOA6EXvaS4RQqMPIIRVwRA,Pondok Labu,Cilandak,Kota Jakarta Selatan,63
alfamart,4.6,16,-6.2676196,106.7970639,"jl. rs. fatmawati raya kel no.17 rt 002/002, rt.2/rw.2, gandaria sel., kota jakarta selatan",ChIJG1OrTJjxaS4Rh-es9t_IY2w,Alfamart,ChIJG1OrTJjxaS4Rh-es9t_IY2w,Gandaria Selatan,Cilandak,Kota Jakarta Selatan,64
alfamart mangga raya,4.6,45,-6.2706697,106.7969812,"rt.1/rw.4, gandaria sel., kota jakarta selatan",ChIJjRUYeR_xaS4RGqLMHkq13co,Alfamart,ChIJjRUYeR_xaS4RGqLMHkq13co,Gandaria Selatan,Cilandak,Kota Jakarta Selatan,65
alfamart,4.3,76,-6.2670475,106.792991,"jl. madrasah kel no.48, rt.8/rw.1, gandaria sel., kota jakarta selatan",ChIJ-xBaWJ_xaS4RSieZKuw5ftg,Alfamart,ChIJ-xBaWJ_xaS4RSieZKuw5ftg,Gandaria Selatan,Cilandak,Kota Jakarta Selatan,66
sumber alfaria trijaya. pt (alfamart),5.0,4,-6.2670737,106.8019836,"jl. abdul majid raya no.33, rt.11/rw.7, cipete utara, kota jakarta selatan",ChIJu_W4zZvxaS4R-LlOuR9RWhE,Alfamart,ChIJu_W4zZvxaS4R-LlOuR9RWhE,Cipete Utara,Cilandak,Kota Jakarta Selatan,67
di depan alfamart,5.0,1,-6.2665447,106.7971267,"jl. rs. fatmawati raya no.33, rw.2, gandaria sel., kota jakarta selatan",ChIJaX-B5jjxaS4RJ2YNF7-2yC0,Alfamart,ChIJaX-B5jjxaS4RJ2YNF7-2yC0,Gandaria Selatan,Cilandak,Kota Jakarta Selatan,68
alfamart,0.0,0,-6.2921598,106.7715761,"pq5c+4jm, rt.4/rw.2, lebak bulus, south jakarta city",ChIJe_KhtJXxaS4Ro2d18maz9HI,Alfamart,ChIJe_KhtJXxaS4Ro2d18maz9HI,Lebak Bulus,Cilandak,Kota Jakarta Selatan,69
alfamart batan,0.0,0,-6.3002921,106.776064,"jl. lb. bulus no.48, rt.3/rw.4, lb. bulus, kota jakarta selatan",ChIJbd-MJCruaS4RSb7vFayLGfQ,Alfamart,ChIJbd-MJCruaS4RSb7vFayLGfQ,Lebak Bulus,Cilandak,Kota Jakarta Selatan,70
alfamart,3.9,109,-6.3127449,106.7967237,"jl. margasatwa no.1, rt.1/rw.2 kel, pd. labu, kota jakarta selatan",ChIJ9-f0rBfuaS4RflvVgq5gTTo,Alfamart,ChIJ9-f0rBfuaS4RflvVgq5gTTo,Pondok Labu,Cilandak,Kota Jakarta Selatan,71
alfamart,4.3,59,-6.3132072,106.8032178,"jl. margasatwa raya no 14a-c, kel, rt.1/rw.3, pd. labu, kota jakarta selatan",ChIJCz-ABPPvaS4RvH3YwYy3D3U,Alfamart,ChIJCz-ABPPvaS4RvH3YwYy3D3U,Pondok Labu,Cilandak,Kota Jakarta Selatan,72
alfamart margasatwa raya,4.6,54,-6.3130741,106.8004155,"jl. margasatwa no.90, rt.8/rw.2, pd. labu, kota jakarta selatan",ChIJ46jSRZvvaS4ReMMdsz0r-Ls,Alfamart,ChIJ46jSRZvvaS4ReMMdsz0r-Ls,Pondok Labu,Cilandak,Kota Jakarta Selatan,73
alfamart,4.0,1,-6.3274385,106.8165763,"jl. gandaria ii kel no.rt. 006/02, rt.6/rw.2, jagakarsa, kota jakarta selatan",ChIJNaff4frvaS4Rv-sXFlDoV8I,Alfamart,ChIJNaff4frvaS4Rv-sXFlDoV8I,Jagakarsa,Jagakarsa,Kota Jakarta Selatan,122
alfamart,4.4,99,-6.3270311,106.8144222,"jl.jagakarsa kp.kandang no.50, rt.6/rw.4, kel, kota jakarta selatan",ChIJVZkf7ijvaS4RohYfDKQq_TQ,Alfamart,ChIJVZkf7ijvaS4RohYfDKQq_TQ,Jagakarsa,Jagakarsa,Kota Jakarta Selatan,123
alfamart cv. anis star,4.0,12,-6.3271938,106.816634,"jl. raya jagakarsa no.3, rt.6/rw.2, jagakarsa, kota jakarta selatan",ChIJGQvZVnHuaS4R5-987_ViIy0,Alfamart,ChIJGQvZVnHuaS4R5-987_ViIy0,Jagakarsa,Jagakarsa,Kota Jakarta Selatan,124
alfamart,4.3,239,-6.3267655,106.8215854,"jl. raya jagakarsa, rt.2/rw.7, kel, kota jakarta selatan",ChIJz9mMD9ntaS4RZubt_6ybvOw,Alfamart,ChIJz9mMD9ntaS4RZubt_6ybvOw,Jagakarsa,Jagakarsa,Kota Jakarta Selatan,125
alfamart,4.8,20,-6.3286377,106.8244583,"jl. raya jagakarsa no.2a, rt.9/rw.7, kel, kota jakarta selatan",ChIJWbkHhJ3taS4RYeZ0L7Xgo4Y,Alfamart,ChIJWbkHhJ3taS4RYeZ0L7Xgo4Y,Jagakarsa,Jagakarsa,Kota Jakarta Selatan,126
alfamart,4.2,97,-6.3359894,106.8270017,"jl. moch. kahfi ii kel no.23, rt.11/rw.8, srengseng sawah, kota jakarta selatan",ChIJe1YAOdLtaS4Rt7Ol21BHFN4,Alfamart,ChIJe1YAOdLtaS4Rt7Ol21BHFN4,Srengseng Sawah,Jagakarsa,Kota Jakarta Selatan,127
alfamart,0.0,0,-6.3525767,106.8188851,"jl. srengseng sawah kel no.18, rw.7, srengseng sawah, kota jakarta selatan",ChIJLdQeZIztaS4R-teqdeGZ2Aw,Alfamart,ChIJLdQeZIztaS4R-teqdeGZ2Aw,Srengseng Sawah,Jagakarsa,Kota Jakarta Selatan,128
alfamart,4.2,35,-6.3463896,106.8257072,"jl.simpang tiga, jl. pratama kel no.22, rt.6/rw.6, srengseng sawah, kota jakarta selatan",ChIJcXskSobtaS4Rgle9vWyGMns,Alfamart,ChIJcXskSobtaS4Rgle9vWyGMns,Srengseng Sawah,Jagakarsa,Kota Jakarta Selatan,129
alfamart,1.0,1,-6.3455177,106.810441,"jl. wr. sila kel no.48, rt.11/rw.5, ciganjur, kota jakarta selatan",ChIJLccxhA3vaS4R1CueIAoDZlE,Alfamart,ChIJLccxhA3vaS4R1CueIAoDZlE,Ciganjur,Jagakarsa,Kota Jakarta Selatan,130
alfamart,4.4,104,-6.3492714,106.8016789,"jl. m. khafi kel no.1, rt.015/rw.1, cipedak, kota jakarta selatan",ChIJ2ZJsw-bvaS4RPE2HSgHEYvc,Alfamart,ChIJ2ZJsw-bvaS4RPE2HSgHEYvc,Cipedak,Jagakarsa,Kota Jakarta Selatan,131
alfamart,4.3,85,-6.3412216,106.8046813,"jl. m. kahfi i no. 60, rt. 006 kel, rt.8/rw.6, ciganjur, kota jakarta selatan",ChIJ50-5vp3vaS4R4PP0-gOdOLY,Alfamart,ChIJ50-5vp3vaS4R4PP0-gOdOLY,Ciganjur,Jagakarsa,Kota Jakarta Selatan,132
alfamart srengseng sawah (eg47),4.8,12,-6.3525632,106.8188433,"utama rt.5/rw.7, srengseng sawah, jagakarsa, rt.5/rw.7, srengseng sawah, kota jakarta selatan",ChIJzdSRmyfsaS4Rtl298qGtaec,Alfamart,ChIJzdSRmyfsaS4Rtl298qGtaec,Srengseng Sawah,Jagakarsa,Kota Jakarta Selatan,133
alfamart,4.2,102,-6.3353411,106.8132835,"jl. sadar raya no.kel, rt.2/rw.2, jagakarsa, kota jakarta selatan",ChIJyXE7tX7uaS4R_N1dj_5A7Lk,Alfamart,ChIJyXE7tX7uaS4R_N1dj_5A7Lk,Jagakarsa,Jagakarsa,Kota Jakarta Selatan,134
alfamart,4.5,99,-6.3484879,106.8200177,"jl. srengseng raya kel no.87, rt.2/rw.7, srengseng sawah, kota jakarta selatan",ChIJPxyLWijsaS4Rl6Ahgql2Zkc,Alfamart,ChIJPxyLWijsaS4Rl6Ahgql2Zkc,Srengseng Sawah,Jagakarsa,Kota Jakarta Selatan,135
alfamart,3.9,13,-6.3519106,106.8104356,"jl. timbul rt 1/3 kel, jl. timbul no.38, rt.1/rw.3, cipedak, kota jakarta selatan",ChIJa5D3PpvuaS4RmD22MJHORS4,Alfamart,ChIJa5D3PpvuaS4RmD22MJHORS4,Cipedak,Jagakarsa,Kota Jakarta Selatan,136
alfamart,4.3,119,-6.3447007,106.8044728,"jl. wr. sila kel no.261, rt.3/rw.4, ciganjur, kota jakarta selatan",ChIJn4GqwYjuaS4RkEZAhdWNiIU,Alfamart,ChIJn4GqwYjuaS4RkEZAhdWNiIU,Ciganjur,Jagakarsa,Kota Jakarta Selatan,137
alfamart,4.0,12,-6.3431267,106.8172234,"jl.moch kahfi 2 rt 5/4 kel, jl. moch. kahfi ii no.2, rt.5/rw.4, ciganjur, kota jakarta selatan",ChIJwRkvJkbvaS4RV98hH2jg2jM,Alfamart,ChIJwRkvJkbvaS4RV98hH2jg2jM,Ciganjur,Jagakarsa,Kota Jakarta Selatan,138
alfamart,4.4,39,-6.3360353,106.8081282,"jl. h. montong kel, rt.6/rw.2, ciganjur, kota jakarta selatan",ChIJcSF1kHzuaS4RmUi6Derkz0U,Alfamart,ChIJcSF1kHzuaS4RmUi6Derkz0U,Ciganjur,Jagakarsa,Kota Jakarta Selatan,139
alfamart m. kafi 1,4.3,27,-6.354785,106.8104626,"jl. moch. kahfi ii no.35, rt.4/rw.3, cipedak, kota jakarta selatan",ChIJf-XTUHHuaS4R3O2aD58Jejc,Alfamart,ChIJf-XTUHHuaS4R3O2aD58Jejc,Cipedak,Jagakarsa,Kota Jakarta Selatan,140
alfamart jl.aselih,4.2,52,-6.3518666,106.8010337,"jrx2+6cr, rt.7/rw.1, cipedak, south jakarta city",ChIJS129nNjvaS4RhFpkPRMENm4,Alfamart,ChIJS129nNjvaS4RhFpkPRMENm4,Cipedak,Jagakarsa,Kota Jakarta Selatan,141
alfamart,2.0,1,-6.3409759,106.8275507,"jl. raya desa putra no. 22, rt no.kel, rt.7/rw.5, srengseng sawah, kota jakarta selatan",ChIJozZ4F7HtaS4R1kONZ5ibbtU,Alfamart,ChIJozZ4F7HtaS4R1kONZ5ibbtU,Srengseng Sawah,Jagakarsa,Kota Jakarta Selatan,142
alfamart,0.0,0,-6.357054,106.8095512,"jl. srengseng sawah kel no.4, rt.9/rw.9, cipedak, kota jakarta selatan",ChIJQ72y0hzvaS4RX5dcmBsgyWU,Alfamart,ChIJQ72y0hzvaS4RX5dcmBsgyWU,Cipedak,Jagakarsa,Kota Jakarta Selatan,143
alfamart,4.3,363,-6.3390194,106.8285737,"jl. desa putra raya no.3 kel, rw.5, srengseng sawah, kota jakarta selatan",ChIJAw3ltijtaS4RmcB7KA3NCio,Alfamart,ChIJAw3ltijtaS4RmcB7KA3NCio,Srengseng Sawah,Jagakarsa,Kota Jakarta Selatan,144
alfamart,3.7,11,-6.3448658,106.8286053,"jl. srengseng sawah kel no.rt 5/12, rt.5/rw.12, srengseng sawah, kota jakarta selatan",ChIJNeAy4i3saS4R2vlrs_RK_Qk,Alfamart,ChIJNeAy4i3saS4R2vlrs_RK_Qk,Srengseng Sawah,Jagakarsa,Kota Jakarta Selatan,145
alfamart,4.1,158,-6.3271403,106.8293354,"jl. klp. 3 no.49, rt.6/rw.3, kel, kota jakarta selatan",ChIJKUVCIj_taS4RPE3ln04fn_s,Alfamart,ChIJKUVCIj_taS4RPE3ln04fn_s,Jagakarsa,Jagakarsa,Kota Jakarta Selatan,146
alfamart,4.2,129,-6.3580351,106.8116309,"jl. srengseng sawah kel no.48 rt 2/9, rt.3/rw.9, srengseng sawah, kota jakarta selatan",ChIJO-fSOk7vaS4RCj8aV46LE6Q,Alfamart,ChIJO-fSOk7vaS4RCj8aV46LE6Q,Srengseng Sawah,Jagakarsa,Kota Jakarta Selatan,147
alfamart,1.0,1,-6.3450368,106.8152846,"jl. wr. sila no.36, rt.2/rw.5, ciganjur, kota jakarta selatan",ChIJXWJrkhPvaS4Rrveg9EepZfI,Alfamart,ChIJXWJrkhPvaS4Rrveg9EepZfI,Ciganjur,Jagakarsa,Kota Jakarta Selatan,148
alfamart,4.5,97,-6.3179633,106.8191259,"jl. pepaya raya no.58, rt.12/rw.5, kel, kota jakarta selatan",ChIJW9l0OeDtaS4Rpqp-vEQlRxM,Alfamart,ChIJW9l0OeDtaS4Rpqp-vEQlRxM,Jagakarsa,Jagakarsa,Kota Jakarta Selatan,149
alfamart royal residence,4.6,73,-6.3343032,106.8069313,"mr84+7qf, rt.7/rw.2, ciganjur, south jakarta city",ChIJMU7G8APvaS4RPldwPHdkBVs,Alfamart,ChIJMU7G8APvaS4RPldwPHdkBVs,Ciganjur,Jagakarsa,Kota Jakarta Selatan,150
alfamart srengseng sawah 4 (eh83),4.3,15,-6.357147,106.8095228,"jl. srengseng sawah no.1, rt.4/rw.9, srengseng sawah, kota jakarta selatan",ChIJ88BZcpnuaS4RE8o0nNn30ow,Alfamart,ChIJ88BZcpnuaS4RE8o0nNn30ow,Srengseng Sawah,Jagakarsa,Kota Jakarta Selatan,151
alfamart,4.1,107,-6.3629942,106.8021022,"jl.moch kahfi i, gg. pedati selatan kel no.60, rt.6/rw.2, cipedak, kota jakarta selatan",ChIJ7ykmvmrvaS4RlZev4Fju-J8,Alfamart,ChIJ7ykmvmrvaS4RlZev4Fju-J8,Cipedak,Jagakarsa,Kota Jakarta Selatan,152
alfamart,4.3,162,-6.3633345,106.8067338,"jl. moch. kahfi ii kel no.24, rt.7/rw.3, cipedak, kota jakarta selatan",ChIJreD62aLuaS4RmuRbWickzPw,Alfamart,ChIJreD62aLuaS4RmuRbWickzPw,Cipedak,Jagakarsa,Kota Jakarta Selatan,153
alfamart,4.3,16,-6.3389038,106.8344498,"komp. sta universitas pancasila jl. raya lt agung kel, rt.1/rw.3, srengseng sawah, kota jakarta selatan",ChIJO9SLoXrtaS4R_qO4Q2eaGC0,Alfamart,ChIJO9SLoXrtaS4R_qO4Q2eaGC0,Srengseng Sawah,Jagakarsa,Kota Jakarta Selatan,154
alfamart,4.4,172,-6.310429,106.8373362,"jl. raya lenteng agung no.9 rt, rt.4/rw.1, lenteng agung, kota jakarta selatan",ChIJI4ismJftaS4RG7BjJdb_aTE,Alfamart,ChIJI4ismJftaS4RG7BjJdb_aTE,Lenteng Agung,Jagakarsa,Kota Jakarta Selatan,155
alfamart lenteng agung 5,3.0,4,-6.3163063,106.8361512,"jl. raya lenteng agung no.22, rt.5/rw.1, lenteng agung, kota jakarta selatan",ChIJDQ0fsc7taS4R3NlvyB-kvR0,Alfamart,ChIJDQ0fsc7taS4R3NlvyB-kvR0,Lenteng Agung,Jagakarsa,Kota Jakarta Selatan,156
alfamart,4.5,73,-6.3334358,106.835083,"jl. lenteng agung barat no. 9, kel no.04, rt.2/rw.10, srengseng sawah, kota jakarta selatan",ChIJ13AKk4ftaS4RCuU8MrNt6NA,Alfamart,ChIJ13AKk4ftaS4RCuU8MrNt6NA,Srengseng Sawah,Jagakarsa,Kota Jakarta Selatan,157
alfamart,3.7,11,-6.3234492,106.8354947,"jl. raya lenteng agung kel no.14, lenteng agung, kota jakarta selatan",ChIJlTB_4sPtaS4Rxc7ws3Uy_40,Alfamart,ChIJlTB_4sPtaS4Rxc7ws3Uy_40,Lenteng Agung,Jagakarsa,Kota Jakarta Selatan,158
alfamart,4.1,115,-6.312118,106.838574,"jl.tanjung barat sltn rt 1/2, kel, rt.1/rw.2, tj. bar., kota jakarta selatan",ChIJO7r69eztaS4R6-qTHsW9FZo,Alfamart,ChIJO7r69eztaS4R6-qTHsW9FZo,Tanjung Barat,Jagakarsa,Kota Jakarta Selatan,159
alfamart,4.4,72,-6.3243592,106.8300011,"jl. joe klp. tiga, rt.2/rw.3, kel, kota jakarta selatan",ChIJYbi2VcPtaS4REBIUqS4H6nw,Alfamart,ChIJYbi2VcPtaS4REBIUqS4H6nw,Jagakarsa,Jagakarsa,Kota Jakarta Selatan,160
alfamart,4.8,16,-6.3306239,106.8349623,"stasiun kel, lenteng agung, south jakarta city",ChIJIwmT0tTtaS4R6hg8QgNw3WY,Alfamart,ChIJIwmT0tTtaS4R6hg8QgNw3WY,Lenteng Agung,Jagakarsa,Kota Jakarta Selatan,161
alfamart ltg agung jagakarsa,5.0,2,-6.3283086,106.8342246,"mrcm+mm5, rt.9/rw.4, lenteng agung, south jakarta city",ChIJ05wHln3taS4RfX09zv-hV4M,Alfamart,ChIJ05wHln3taS4RfX09zv-hV4M,Lenteng Agung,Jagakarsa,Kota Jakarta Selatan,162
alfamart,5.0,1,-6.3077549,106.8388917,"stasiun tanjung barat kel, rt.4/rw.1, srengseng sawah, kota jakarta selatan",ChIJAdADu4rtaS4RvCWKME2nOFc,Alfamart,ChIJAdADu4rtaS4RvCWKME2nOFc,Srengseng Sawah,Jagakarsa,Kota Jakarta Selatan,163
alfa rancho indah (dalam),4.4,269,-6.3095732,106.850957,"jl. rancho indah no.47d, rt.8/rw.2, tj. bar., kota jakarta selatan",ChIJFaiFN5DtaS4RMY3a1g0u8Bo,Alfamart,ChIJFaiFN5DtaS4RMY3a1g0u8Bo,Tanjung Barat,Jagakarsa,Kota Jakarta Selatan,164
alfamart,3.4,12,-6.3154439,106.8430878,"jl. tj. barat selatan gg. 100 kel, lenteng agung, kota jakarta selatan",ChIJ406rRZPtaS4RMYVeSLK2seg,Alfamart,ChIJ406rRZPtaS4RMYVeSLK2seg,Lenteng Agung,Jagakarsa,Kota Jakarta Selatan,165
sumber alfaria trijaya. pt (alfamart),2.7,6,-6.3509795,106.8326992,"jl. lenteng agung timur, no. 1 rt. 06 rw. 01, jagakarsa, rt.12/rw.8, lenteng agung, kota jakarta selatan",ChIJddTlTzPsaS4R4BYzvn0YNik,Alfamart,ChIJddTlTzPsaS4R4BYzvn0YNik,Lenteng Agung,Jagakarsa,Kota Jakarta Selatan,166
alfamart,4.3,182,-6.2967705,106.8442387,"jl. raya poltangan, rt. 001, r no.kel, rt.1/rw.4, tj. bar., kota jakarta selatan",ChIJyyRGCHXyaS4RLCAb2pLyLeA,Alfamart,ChIJyyRGCHXyaS4RLCAb2pLyLeA,Tanjung Barat,Jagakarsa,Kota Jakarta Selatan,167
alfamart tanjung barat,4.0,76,-6.3044692,106.8398007,"alfamart, jalan tanjung barat raya no.172, rt.2/rw.1, tanjung barat, jagakarsa, rt.10/rw.4, tj. bar., kota jakarta selatan",ChIJY1uOaPPtaS4RITGKVmQwRXc,Alfamart,ChIJY1uOaPPtaS4RITGKVmQwRXc,Tanjung Barat,Jagakarsa,Kota Jakarta Selatan,168
alfamart,4.2,400,-6.2984046,106.8407504,"jl. tj. bar. lama no.kel, rt.4/rw.4, tj. bar., kota jakarta selatan",ChIJW2lkqAryaS4Rl3e1w3Am11w,Alfamart,ChIJW2lkqAryaS4Rl3e1w3Am11w,Tanjung Barat,Jagakarsa,Kota Jakarta Selatan,169
alfamart nangka poltangan,4.1,10,-6.3027653,106.8484869,"jl. nangka raya no.1, rt.6/rw.5, tj. bar., kota jakarta selatan",ChIJFayoSIntaS4R9dPZgj-4vJY,Alfamart,ChIJFayoSIntaS4R9dPZgj-4vJY,Tanjung Barat,Jagakarsa,Kota Jakarta Selatan,170
alfamart,4.3,12,-6.2955397,106.841134,"jl. raya tj. barat kel no.24, rt.4/rw.4, tj. bar., kota jakarta selatan",ChIJq1i2LQvyaS4RHh12kmtjRqQ,Alfamart,ChIJq1i2LQvyaS4RHh12kmtjRqQ,Tanjung Barat,Jagakarsa,Kota Jakarta Selatan,171
alfamart,0.0,0,-6.3027698,106.8484726,"jl. nangka i no.4, rt.6/rw.5, tj. bar., kota jakarta selatan",ChIJz6jzUEvtaS4RNyn3cEc9GMc,Alfamart,ChIJz6jzUEvtaS4RNyn3cEc9GMc,Tanjung Barat,Jagakarsa,Kota Jakarta Selatan,172
sumber alfaria trijaya. pt (alfamart),5.0,2,-6.2969033,106.8410754,"jl. tanjung barat, rt. 012 rw. 004, pasar minggu, rt.3/rw.4, tj. bar., kota jakarta selatan",ChIJ8zwCzAryaS4RkFLYkvqVhtw,Alfamart,ChIJ8zwCzAryaS4RkFLYkvqVhtw,Tanjung Barat,Jagakarsa,Kota Jakarta Selatan,173
alfamart,4.0,25,-6.304667,106.8503666,"1, jl. rancho indah kel no.7, rt.1/rw.2, tj. bar., kota jakarta selatan",ChIJVdAdII_taS4Rb872ygOcjfw,Alfamart,ChIJVdAdII_taS4Rb872ygOcjfw,Tanjung Barat,Jagakarsa,Kota Jakarta Selatan,174
west tanjung nangka alfamart,4.2,10,-6.3047898,106.8422906,"jl. nangka raya no.10, rt.11/rw.4, tj. bar., kota jakarta selatan",ChIJXUNCuIztaS4RQ6Z_2mFx3Mk,Alfamart,ChIJXUNCuIztaS4RQ6Z_2mFx3Mk,Tanjung Barat,Jagakarsa,Kota Jakarta Selatan,175
alfamart tb.simatupang 3,4.3,275,-6.3039748,106.8430684,"jalan tb. simatupang, rt.11/rw.4, tj. bar., kota jakarta selatan",ChIJ76qqqo3taS4RydX_XeSQfH8,Alfamart,ChIJ76qqqo3taS4RydX_XeSQfH8,Tanjung Barat,Jagakarsa,Kota Jakarta Selatan,176
alfamart,0.0,0,-6.266536,106.8103135,"jl. pelita no.99a, rt.8/rw.7, cipete utara, kota jakarta selatan",ChIJI33nWifxaS4RzKQwmLH81wY,Alfamart,ChIJI33nWifxaS4RzKQwmLH81wY,Cipete Utara,Kebayoran Baru,Kota Jakarta Selatan,210
alfamart,4.2,17,-6.2542811,106.8012815,"jl. darmawangsa vi no.45, rt, rt.5/rw.1, pulo, kota jakarta selatan",ChIJubtXt3bxaS4RG8SDqsnSF-U,Alfamart,ChIJubtXt3bxaS4RG8SDqsnSF-U,Pulo,Kebayoran Baru,Kota Jakarta Selatan,211
alfamart,4.6,5,-6.2600554,106.796534,"jl. fatmawati raya no.kel, rt.4/rw.6, cilandak bar., kota jakarta selatan",ChIJXTKX4rjxaS4RKHvkQIrJHpY,Alfamart,ChIJXTKX4rjxaS4RKHvkQIrJHpY,Cilandak Barat,Kebayoran Baru,Kota Jakarta Selatan,212
alfamart raya radio dalam,0.0,0,-6.2623865,106.7887372,"jl. radio dalam raya no.14d, rt.7/rw.10, gandaria utara, kota jakarta selatan",ChIJJ5iWv67xaS4RNxDBDbF5rJs,Alfamart,ChIJJ5iWv67xaS4RNxDBDbF5rJs,Gandaria Utara,Kebayoran Baru,Kota Jakarta Selatan,213
alfamart,4.3,153,-6.2553617,106.790579,"jl. radio dalam raya i no.kel, rt.3/rw.8, gandaria utara, kota jakarta selatan",ChIJJ1zO0dPxaS4RjfHBVEeJ5eE,Alfamart,ChIJJ1zO0dPxaS4RjfHBVEeJ5eE,Gandaria Utara,Kebayoran Baru,Kota Jakarta Selatan,214
alfamart,4.1,68,-6.259331,106.789079,"jl. radio dalam raya kel no.86, rt.5/rw.14, gandaria utara, kota jakarta selatan",ChIJ4x6Kt6DxaS4RTzwpsJlYZ8Q,Alfamart,ChIJ4x6Kt6DxaS4RTzwpsJlYZ8Q,Gandaria Utara,Kebayoran Baru,Kota Jakarta Selatan,215
alfamart yado 3,4.0,4,-6.2557314,106.790674,"rt.2/rw.8, gandaria utara, kota jakarta selatan",ChIJqza5lwvxaS4RLUPjdPF0cVI,Alfamart,ChIJqza5lwvxaS4RLUPjdPF0cVI,Gandaria Utara,Kebayoran Baru,Kota Jakarta Selatan,216
alfamart,4.5,24,-6.2595751,106.8022096,"jl. damai v rt. 01 kel, rt.2/rw.8, cipete utara, kota jakarta selatan",ChIJ-zEskJ3xaS4R_EqzP6LK7NA,Alfamart,ChIJ-zEskJ3xaS4R_EqzP6LK7NA,Cipete Utara,Kebayoran Baru,Kota Jakarta Selatan,217
alfamart petogogan raya,4.6,96,-6.2548858,106.796434,"jl. petogogan ii no.15a-b, jl. petogogan ii, rt.8/rw.6, pulo, south jakarta city",ChIJs-iJX73xaS4RJlH2mmqlobE,Alfamart,ChIJs-iJX73xaS4RJlH2mmqlobE,Pulo,Kebayoran Baru,Kota Jakarta Selatan,218
alfamart,3.3,3,-6.2657246,106.7998702,"jl. abdul majid raya kel no.6a, rt.11/rw.2, cipete utara, kota jakarta selatan",ChIJw8JIYpnxaS4Rk_cRQR3bxvY,Alfamart,ChIJw8JIYpnxaS4Rk_cRQR3bxvY,Cipete Utara,Kebayoran Baru,Kota Jakarta Selatan,219
alfamart,4.5,264,-6.2506507,106.793953,"jl. petogogan i, rt. 003/011 kel, rt.1/rw.1, petogogan, kota jakarta selatan",ChIJT0UQ-xzxaS4Rbkmahws1Wiw,Alfamart,ChIJT0UQ-xzxaS4Rbkmahws1Wiw,Petogogan,Kebayoran Baru,Kota Jakarta Selatan,220
alfamart,3.0,8,-6.2483201,106.7900754,"jl. gandaria i no.04, rt. 010 kel, rt.1/rw.8, kramat pela, kota jakarta selatan",ChIJ9cTCcxLxaS4RIQU5nzRwbcU,Alfamart,ChIJ9cTCcxLxaS4RIQU5nzRwbcU,Kramat Pela,Kebayoran Baru,Kota Jakarta Selatan,221
alfamart,4.0,6,-6.2476222,106.7950681,"jl. barito ii no.kel, rt.8/rw.5, kramat pela, kota jakarta selatan",ChIJ6fv_N23xaS4R8O7J0wDiRO4,Alfamart,ChIJ6fv_N23xaS4R8O7J0wDiRO4,Kramat Pela,Kebayoran Baru,Kota Jakarta Selatan,222
alfamart,4.6,27,-6.2453434,106.8012186,"jl. melawai ( blok m mall kel, rt.3/rw.1, melawai, kota jakarta selatan",ChIJgYNzkW7xaS4RAyBciUPKZRg,Alfamart,ChIJgYNzkW7xaS4RAyBciUPKZRg,Melawai,Kebayoran Baru,Kota Jakarta Selatan,223
alfamart,4.5,13,-6.2468975,106.7898721,"jl. gandaria 1 kel no.41, rt.2/rw.3, kramat pela, kota jakarta selatan",ChIJM-mfsy_xaS4RLeBYt92_-zA,Alfamart,ChIJM-mfsy_xaS4RLeBYt92_-zA,Kramat Pela,Kebayoran Baru,Kota Jakarta Selatan,224
alfamart kyai maja,4.5,454,-6.2415428,106.793223,"10, jl. kyai maja no.37, rt.10/rw.7, kramat pela, kota jakarta selatan",ChIJ3XNl2RTxaS4R5Bv0sufWonw,Alfamart,ChIJ3XNl2RTxaS4R5Bv0sufWonw,Kramat Pela,Kebayoran Baru,Kota Jakarta Selatan,225
alfamart faletehan,4.3,32,-6.2417419,106.8016892,"jl. falatehan i no.30, rt.2/rw.1, melawai, kota jakarta selatan",ChIJM7mhkrDxaS4RCbsQa_-sjAw,Alfamart,ChIJM7mhkrDxaS4RCbsQa_-sjAw,Melawai,Kebayoran Baru,Kota Jakarta Selatan,226
alfamart,0.0,0,-6.2400643,106.8042097,"pt pln (persero) kantor pusat, jl. trunojoyo no.kel, rt.6/rw.2, melawai, south jakarta city",ChIJp0jKnE_xaS4ReNrwgJLzaRU,Alfamart,ChIJp0jKnE_xaS4ReNrwgJLzaRU,Melawai,Kebayoran Baru,Kota Jakarta Selatan,227
alfamart koppeg pt pln,3.9,12,-6.2407841,106.8035925,"jl. trunojoyo no.135, rt.6/rw.2, melawai, kota jakarta selatan",ChIJgZrvVmjxaS4R-CmjwHJTv-o,Alfamart,ChIJgZrvVmjxaS4R-CmjwHJTv-o,Melawai,Kebayoran Baru,Kota Jakarta Selatan,228
alfa midi,4.5,174,-6.2468046,106.7948782,"qq3v+7xc, jl. barito ii, rt.8/rw.5, kramat pela, kota jakarta selatan",ChIJAS87L23xaS4RE2RaGQ6kKq4,Alfamart,ChIJAS87L23xaS4RE2RaGQ6kKq4,Kramat Pela,Kebayoran Baru,Kota Jakarta Selatan,229
alfamart,4.3,4,-6.2426448,106.787694,"jl. gandaria 1 no.339, rt.5/rw.2, kramat pela, kota jakarta selatan",ChIJ2-7GYbvxaS4RR9L87NnK-a0,Alfamart,ChIJ2-7GYbvxaS4RR9L87NnK-a0,Kramat Pela,Kebayoran Baru,Kota Jakarta Selatan,230
alfamart,4.4,52,-6.2392731,106.8100952,"jl. wolter monginsidi kel no.46, rt.1/rw.6, petogogan, kota jakarta selatan",ChIJ-TaTa2fxaS4R6RNGaVrMT6k,Alfamart,ChIJ-TaTa2fxaS4R6RNGaVrMT6k,Petogogan,Kebayoran Baru,Kota Jakarta Selatan,231
alfamart,3.0,2,-6.236459,106.8006485,"jl. iskandarsyah raya kel no.35, rt.2/rw.1, melawai, kota jakarta selatan",ChIJsaRf3yPxaS4R4cFCV3ZPdak,Alfamart,ChIJsaRf3yPxaS4R4cFCV3ZPdak,Melawai,Kebayoran Baru,Kota Jakarta Selatan,232
alfamart,4.6,22,-6.236351,106.7872294,"jl. ophir kramat 2 pakubuwono, kel, rt.7/rw.1, gunung, kota jakarta selatan",ChIJvR3FTzzxaS4R3I33kymyg0w,Alfamart,ChIJvR3FTzzxaS4R3I33kymyg0w,Gunung,Kebayoran Baru,Kota Jakarta Selatan,233
alfamart,5.0,1,-6.2385571,106.8170846,"jl. wolter monginsidi no.125, rt.1/rw.2, rw. bar., kota jakarta selatan",ChIJ7dChQKnxaS4Rc90K7EVLZBA,Alfamart,ChIJ7dChQKnxaS4Rc90K7EVLZBA,Rawa Barat,Kebayoran Baru,Kota Jakarta Selatan,234
alfamart,3.8,22,-6.2844107,106.7809859,"pondok pinang, south jakarta city",ChIJERDDt8jxaS4RaCqImp2dRvo,Alfamart,ChIJERDDt8jxaS4RaCqImp2dRvo,Pondok Pinang,Kebayoran Lama,Kota Jakarta Selatan,286
alfamart,4.0,20,-6.2582723,106.7839248,"jl. tanah kusir ii no.65, rt.3/rw.011 kel, kby. lama sel., kota jakarta selatan",ChIJEzQd4evxaS4RbvtHCITy4Jw,Alfamart,ChIJEzQd4evxaS4RbvtHCITy4Jw,Kebayoran Lama Selatan,Kebayoran Lama,Kota Jakarta Selatan,287
alfamart,4.2,123,-6.2547162,106.7836782,"jl.darma putra raya rt 1/7 kel, rt.1/rw.7, kby. lama sel., kota jakarta selatan",ChIJuayCtgjxaS4RBl05CpaSF3Q,Alfamart,ChIJuayCtgjxaS4RBl05CpaSF3Q,Kebayoran Lama Selatan,Kebayoran Lama,Kota Jakarta Selatan,288
alfamart,4.6,75,-6.2521128,106.783147,"jl. praja dalam k kel, rt.12/rw.2, kby. lama sel., kota jakarta selatan",ChIJFy0cH3DxaS4RqAsb1UlHVzU,Alfamart,ChIJFy0cH3DxaS4RqAsb1UlHVzU,Kebayoran Lama Selatan,Kebayoran Lama,Kota Jakarta Selatan,289
alfamart kostrad darma putra,4.5,103,-6.2546937,106.7837214,"jl. darma putra raya no.44, rt.1/rw.7, kby. lama sel., kota jakarta selatan",ChIJC8pc2WXxaS4RarJ-FhWCz1c,Alfamart,ChIJC8pc2WXxaS4RarJ-FhWCz1c,Kebayoran Lama Selatan,Kebayoran Lama,Kota Jakarta Selatan,290
mitra ukm alfamart,0.0,0,-6.2516093,106.7831185,"jl. praja dalam f no.11, rt.11/rw.2, south kebayoran lama, south jakarta city",ChIJGU1_dw_xaS4RKV_Wngx69Ic,Alfamart,ChIJGU1_dw_xaS4RKV_Wngx69Ic,Kebayoran Lama,Kebayoran Lama,Kota Jakarta Selatan,291
alfamart,4.4,26,-6.2570436,106.7772368,"jl. raya ciputat no.3 b rt.003 kel, rt.3/rw.10, kby. lama sel., kota jakarta selatan",ChIJGWL41wbxaS4R-IwO3XiRIaU,Alfamart,ChIJGWL41wbxaS4R-IwO3XiRIaU,Kebayoran Lama Selatan,Kebayoran Lama,Kota Jakarta Selatan,292
alfamart,4.2,48,-6.2773994,106.7765074,"jl. bukit hijau i no.kel, rt.1/rw.13, pd. pinang, kota jakarta selatan",ChIJhyWzK7TxaS4RGL9d7agofZc,Alfamart,ChIJhyWzK7TxaS4RGL9d7agofZc,Pondok Pinang,Kebayoran Lama,Kota Jakarta Selatan,293
alfamart pondok indah 1,4.3,7,-6.2874722,106.7768054,"jl. bukit hijau i no.12, rt.012/rw.13, pd. pinang, kota jakarta selatan",ChIJQUQy07XxaS4RjrvEhegdQm8,Alfamart,ChIJQUQy07XxaS4RjrvEhegdQm8,Pondok Pinang,Kebayoran Lama,Kota Jakarta Selatan,294
alfamart,5.0,4,-6.2534671,106.7755935,"jl. bintaro raya no.21a, rt.11/rw.10, kby. lama sel., kota jakarta selatan",ChIJcydB66nxaS4RsYN_8dfR-hc,Alfamart,ChIJcydB66nxaS4RsYN_8dfR-hc,Kebayoran Lama Selatan,Kebayoran Lama,Kota Jakarta Selatan,295
alfamart,4.6,56,-6.250438,106.7817332,"jl. sultan iskandar muda no.72, rt.10/rw.2, kby. lama sel., kota jakarta selatan",ChIJP3zxrTPxaS4R58_AUM2UGGA,Alfamart,ChIJP3zxrTPxaS4R58_AUM2UGGA,Kebayoran Lama Selatan,Kebayoran Lama,Kota Jakarta Selatan,296
alfamart,5.0,1,-6.2829676,106.7717234,"jl. ciputat raya, jl. pupan kel no.1, rw.8, pd. pinang, kota jakarta selatan",ChIJUSEHg7TxaS4RsI5kfN_QGzs,Alfamart,ChIJUSEHg7TxaS4RsI5kfN_QGzs,Pondok Pinang,Kebayoran Lama,Kota Jakarta Selatan,297
alfamart,4.3,3,-6.2889932,106.7738201,"pq6f+cg4, ruko pasar jumat, jl. nasional 12, rt.10/rw.7, pd. pinang, kota jakarta selatan",ChIJQ8QJ52vxaS4R9ByNQALudjw,Alfamart,ChIJQ8QJ52vxaS4R9ByNQALudjw,Pondok Pinang,Kebayoran Lama,Kota Jakarta Selatan,298
alfamart,4.8,13,-6.2476263,106.7785018,"jl. ciputat raya, rt. 8/8 kel, rt.8/rw.8, kby. lama sel., kota jakarta selatan",ChIJMyzoc8PxaS4Rx4Pb25aRaVI,Alfamart,ChIJMyzoc8PxaS4Rx4Pb25aRaVI,Kebayoran Lama Selatan,Kebayoran Lama,Kota Jakarta Selatan,299
alfamart,4.4,217,-6.2495325,106.7836804,"jl. praja dalam k kel, rt.4/rw.12, kby. lama sel., kota jakarta selatan",ChIJd2c5ZS3xaS4R0Hfe_IqDLp0,Alfamart,ChIJd2c5ZS3xaS4R0Hfe_IqDLp0,Kebayoran Lama Selatan,Kebayoran Lama,Kota Jakarta Selatan,300
alfamart ciputat,5.0,2,-6.2799786,106.7724433,"jl. ciputat raya no.21, rt.1/rw.7, pd. pinang, kota jakarta selatan",ChIJVXFUeUHxaS4RWn11bqNkU6A,Alfamart,ChIJVXFUeUHxaS4RWn11bqNkU6A,Pondok Pinang,Kebayoran Lama,Kota Jakarta Selatan,301
alfamart,4.1,12,-6.2665553,106.774843,"jl. ciputat raya kel no.101, rw.4, pd. pinang, kota jakarta selatan",ChIJS00uRKzxaS4RfR-cjilSvTE,Alfamart,ChIJS00uRKzxaS4RfR-cjilSvTE,Pondok Pinang,Kebayoran Lama,Kota Jakarta Selatan,302
alfamart,4.2,20,-6.2751897,106.7734774,"7, jl. ciputat raya no.kel, rw.6, pd. pinang, kota jakarta selatan",ChIJV87Df7PxaS4R7l-FQ1i9YTc,Alfamart,ChIJV87Df7PxaS4R7l-FQ1i9YTc,Pondok Pinang,Kebayoran Lama,Kota Jakarta Selatan,303
alfamart,0.0,0,-6.2644372,106.7750567,"jl. ciputat raya no.25a, rt.6/rw.1, pd. pinang, kota jakarta selatan",ChIJNZ_TjKvxaS4RSpGgi-UQMHE,Alfamart,ChIJNZ_TjKvxaS4RSpGgi-UQMHE,Pondok Pinang,Kebayoran Lama,Kota Jakarta Selatan,304
alfamart ciputat raya 5,4.6,262,-6.2644227,106.7750253,"jl. ciputat raya no.23, rw.1, pd. pinang, kota jakarta selatan",ChIJwYPXjKvxaS4RnddDvAVPi-E,Alfamart,ChIJwYPXjKvxaS4RnddDvAVPi-E,Pondok Pinang,Kebayoran Lama,Kota Jakarta Selatan,305
alfamart,4.1,9,-6.2452254,106.7725276,"jl. peninggaran raya no.kel, rt.8/rw.11, kby. lama utara, kota jakarta selatan",ChIJkUx2wx3xaS4RC4O553KPlfM,Alfamart,ChIJkUx2wx3xaS4RC4O553KPlfM,Kebayoran Lama Utara,Kebayoran Lama,Kota Jakarta Selatan,306
alfamart ciputat raya 2,4.3,88,-6.2750484,106.7735843,"pqff+xcp, rt.7/rw.6, pondok pinang, south jakarta city",ChIJ0-P2f7PxaS4Rcf73HyrOepA,Alfamart,ChIJ0-P2f7PxaS4Rcf73HyrOepA,Pondok Pinang,Kebayoran Lama,Kota Jakarta Selatan,307
alfamart,4.1,52,-6.2382658,106.7723374,"jl. raya ciledug, rt. 5/4 kel, rt.6/rw.11, cipulir, kota jakarta selatan",ChIJa3p8yiXxaS4RfugjuGiw9us,Alfamart,ChIJa3p8yiXxaS4RfugjuGiw9us,Cipulir,Kebayoran Lama,Kota Jakarta Selatan,308
alfamart,4.3,118,-6.228025,106.7785565,"jl. raya kby. lama no.37, rt.5/rw.007 kel, grogol sel., kota jakarta selatan",ChIJl8UlGdXxaS4Rzp4Cn0GDDRY,Alfamart,ChIJl8UlGdXxaS4Rzp4Cn0GDDRY,Grogol Selatan,Kebayoran Lama,Kota Jakarta Selatan,309
alfamart,4.4,17,-6.2284805,106.7855186,"jl. rawa simprug iii, rt.03, r no.kel, rt.3/rw.9, grogol sel., kota jakarta selatan",ChIJIYHBgDDxaS4RvycdmnfZeP4,Alfamart,ChIJIYHBgDDxaS4RvycdmnfZeP4,Grogol Selatan,Kebayoran Lama,Kota Jakarta Selatan,310
alfamart express stasiun kebayoran lama,3.6,5,-6.2374573,106.7825889,"jl. st. no.7a, rt.2/rw.1, south, kota jakarta selatan",ChIJ8-2f5VzxaS4RuUIzcDEbZJ8,Alfamart,ChIJ8-2f5VzxaS4RuUIzcDEbZJ8,south,Kebayoran Lama,Kota Jakarta Selatan,311
alfamart,4.6,7,-6.2375671,106.7690621,"jl. ciledug raya kel no.99, rw.5, cipulir, kota jakarta selatan",ChIJW9fq8I3xaS4RxMcrn3PVoYk,Alfamart,ChIJW9fq8I3xaS4RxMcrn3PVoYk,Cipulir,Kebayoran Lama,Kota Jakarta Selatan,312
alfamart,4.3,12,-6.2208661,106.7786611,"jl. raya kby. lama kel no.60, rt.7/rw.2, grogol utara, kota jakarta selatan",ChIJTXm4acHxaS4RKHXcYl6lbG4,Alfamart,ChIJTXm4acHxaS4RKHXcYl6lbG4,Grogol Utara,Kebayoran Lama,Kota Jakarta Selatan,313
alfamart,3.3,23,-6.2136295,106.7798298,"jl. raya kby. lama kel no.6, rt.3/rw.1, grogol utara, kota jakarta selatan",ChIJd2BjRnf3aS4RNuD_v9JPHBk,Alfamart,ChIJd2BjRnf3aS4RNuD_v9JPHBk,Grogol Utara,Kebayoran Lama,Kota Jakarta Selatan,314
alfamart,4.0,33,-6.2187475,106.7937508,"jl. patal senayan, no. 01, blok f, kav. 197, rt.3/rw.007 kel, grogol utara, kota jakarta selatan",ChIJl4LWWzXxaS4R68Ts7gLQtmg,Alfamart,ChIJl4LWWzXxaS4R68Ts7gLQtmg,Grogol Utara,Kebayoran Lama,Kota Jakarta Selatan,315
alfamart,4.1,56,-6.2075073,106.7834121,"jl.kebayoran lama no.21 rt 4/3 kel, jl. raya kby. lama no.2a, rt.4/rw.3, grogol utara, kota jakarta selatan",ChIJlWLFJcX2aS4R6fFLh-CWsAs,Alfamart,ChIJlWLFJcX2aS4R6fFLh-CWsAs,Grogol Utara,Kebayoran Lama,Kota Jakarta Selatan,316
alfamart,4.4,24,-6.2572531,106.8177386,"jl. kemang utara, no. 12 d-e, rt. 006/005, kel, rt.6/rw.1, bangka, kota jakarta selatan",ChIJtQRU4H_xaS4R4f3Hqd6dnFE,Alfamart,ChIJtQRU4H_xaS4R4f3Hqd6dnFE,Bangka,Mampang Prapatan,Kota Jakarta Selatan,342
alfamart,4.0,2,-6.2534314,106.8216615,"jl. bangka xi c kel no.26, rt.11/rw.10, pela mampang, kota jakarta selatan",ChIJ87K7nWvzaS4Rle3PP96wwFg,Alfamart,ChIJ87K7nWvzaS4Rle3PP96wwFg,Pela Mampang,Mampang Prapatan,Kota Jakarta Selatan,343
alfamart,4.3,246,-6.2523984,106.8145319,"jl. bangka raya kel no.101, rt.2/rw.1, pela mampang, kota jakarta selatan",ChIJdQvH69nxaS4RbrLohgHukIQ,Alfamart,ChIJdQvH69nxaS4RbrLohgHukIQ,Pela Mampang,Mampang Prapatan,Kota Jakarta Selatan,344
alfamart,4.2,283,-6.2491889,106.8186279,"jl. bangka ii kel no.1a, rt.8/rw.3, pela mampang, kota jakarta selatan",ChIJ-dormaPzaS4RlalyMly0C5M,Alfamart,ChIJ-dormaPzaS4RlalyMly0C5M,Pela Mampang,Mampang Prapatan,Kota Jakarta Selatan,345
alfamart,4.0,5,-6.258383,106.8253662,"jl. duren bangka no.31, d no.kel, rt.6/rw.4, bangka, kota jakarta selatan",ChIJSxYbySzyaS4R2syLNG02aQQ,Alfamart,ChIJSxYbySzyaS4R2syLNG02aQQ,Bangka,Mampang Prapatan,Kota Jakarta Selatan,346
alfamart,4.2,66,-6.2457614,106.8258046,"jl. mampang prpt. raya kel no.58 a, rt.9/rw.3, tegal parang, kota jakarta selatan",ChIJWVXFdyLzaS4R8xNLa-VEm_w,Alfamart,ChIJWVXFdyLzaS4R8xNLa-VEm_w,Tegal Parang,Mampang Prapatan,Kota Jakarta Selatan,347
alfamart,4.7,7,-6.2662632,106.8239456,"jl. kemang timur no.50, rt.9/rw.003 kel, bangka, kota jakarta selatan",ChIJVSxA1S7yaS4RZ9xhBDqwsbI,Alfamart,ChIJVSxA1S7yaS4RZ9xhBDqwsbI,Bangka,Mampang Prapatan,Kota Jakarta Selatan,348
alfamart,3.5,12,-6.2440528,106.8161758,"jl. bangka raya kel no.31 a, rt.5/rw.5, pela mampang, kota jakarta selatan",ChIJQQRLPWLxaS4Rw_WIE4_HVMw,Alfamart,ChIJQQRLPWLxaS4Rw_WIE4_HVMw,Pela Mampang,Mampang Prapatan,Kota Jakarta Selatan,349
alfamart bangka 2,4.3,175,-6.2433743,106.8156896,"jl. bangka raya no.26, rt.5/rw.5, pela mampang, kota jakarta selatan",ChIJJcKfPGLxaS4RGLvlj1PN8YY,Alfamart,ChIJJcKfPGLxaS4RGLvlj1PN8YY,Pela Mampang,Mampang Prapatan,Kota Jakarta Selatan,350
alfamart,3.8,13,-6.2510088,106.8216417,"jl. pondok jaya vi no.31 rt.00 kel, rt.6/rw.6, pela mampang, kota jakarta selatan",ChIJmdxMydLzaS4R3PTMkWwbsm8,Alfamart,ChIJmdxMydLzaS4R3PTMkWwbsm8,Pela Mampang,Mampang Prapatan,Kota Jakarta Selatan,351
alfamart,4.2,120,-6.245465,106.8186523,"jl. bangka ii kel no.29l, rt.17/rw.2, pela mampang, kota jakarta selatan",ChIJE2FoiNjzaS4RkuhZJgb9Stg,Alfamart,ChIJE2FoiNjzaS4RkuhZJgb9Stg,Pela Mampang,Mampang Prapatan,Kota Jakarta Selatan,352
alfamart,3.8,39,-6.243284,106.8259296,"jl. mampang prpt. raya kel no.18, rt. 06/03, rt.6/rw.3, mampang prpt., kota jakarta selatan",ChIJ5743TtvzaS4RaNTeZ8xL7Gw,Alfamart,ChIJ5743TtvzaS4RaNTeZ8xL7Gw,Mampang Prapatan,Mampang Prapatan,Kota Jakarta Selatan,353
alfamart,0.0,0,-6.2527996,106.8268128,"jl. mampang prpt. 16 kel no.5, rt.1/rw.6, tegal parang, kota jakarta selatan",ChIJl_om9KjzaS4RGU8Vxu07GBo,Alfamart,ChIJl_om9KjzaS4RGU8Vxu07GBo,Tegal Parang,Mampang Prapatan,Kota Jakarta Selatan,354
alfamart kapten tendean 2,3.8,11,-6.2400492,106.818981,"jl. kapt. tendean no. 18 b, rt, kel, rt.1/rw.1, pela mampang, kota jakarta selatan",ChIJk9Chmd_zaS4R8JKnx_DYAd4,Alfamart,ChIJk9Chmd_zaS4R8JKnx_DYAd4,Pela Mampang,Mampang Prapatan,Kota Jakarta Selatan,355
alfamart mampang prapatan 2 (kb48),4.0,4,-6.2527525,106.8268743,"jl. warung buncit raya no.5, rt.4/rw.6, tegal parang, kota jakarta selatan",ChIJgePHgdHzaS4RcdWxMOdPfeA,Alfamart,ChIJgePHgdHzaS4RcdWxMOdPfeA,Tegal Parang,Mampang Prapatan,Kota Jakarta Selatan,356
alfamart,0.0,0,-6.2300567,106.8187181,"jl. gatot subroto kel no.kav.52, rt.6/rw.1, kuningan bar., kota jakarta selatan",ChIJDxW97RrzaS4RmZsx_ifU4x8,Alfamart,ChIJDxW97RrzaS4RmZsx_ifU4x8,Kuningan Barat,Mampang Prapatan,Kota Jakarta Selatan,357
alfamart buncit 12,4.5,13,-6.2527202,106.826871,"jl. mampang prapatan xiii no.12, rt.1/rw.6, tegal parang, kota jakarta selatan",ChIJpQkMoNHzaS4R2HbnZOycUjU,Alfamart,ChIJpQkMoNHzaS4R2HbnZOycUjU,Tegal Parang,Mampang Prapatan,Kota Jakarta Selatan,358
alfamart mampang prapatan 2,4.2,180,-6.2433977,106.8291506,"jl. mampang prapatan ii no.19, rt.10/rw.2, mampang prpt., kota jakarta selatan",ChIJv7kzTtvzaS4RPboho4y1LBs,Alfamart,ChIJv7kzTtvzaS4RPboho4y1LBs,Mampang Prapatan,Mampang Prapatan,Kota Jakarta Selatan,359
alfamart mampang prapatan xiv,3.0,1,-6.2512721,106.8313689,"prxj+fgx, rt.9/rw.4, tegal parang, south jakarta city",ChIJaXYbbDDzaS4RLIPv_3bV5Yg,Alfamart,ChIJaXYbbDDzaS4RLIPv_3bV5Yg,Tegal Parang,Mampang Prapatan,Kota Jakarta Selatan,360
alfamart tegal parang 2,4.2,343,-6.2472825,106.8318862,"jl. tegal parang sel. no.3, rt.4/rw.2, tegal parang, kota jakarta selatan",ChIJyxel_CHzaS4RK3olku7tsH8,Alfamart,ChIJyxel_CHzaS4RK3olku7tsH8,Tegal Parang,Mampang Prapatan,Kota Jakarta Selatan,361
alfamart,5.0,1,-6.2435925,106.8322469,"jl. tegal parang utara no.23a, rt.15/rw.007, kel, kota jakarta selatan",ChIJ7yB92wvzaS4RB20MfN2CxwI,Alfamart,ChIJ7yB92wvzaS4RB20MfN2CxwI,Tegal Parang,Mampang Prapatan,Kota Jakarta Selatan,362
alfamart tegal parang selatan,0.0,0,-6.2481087,106.8334975,"jl. tegal parang selatan i no.2, rw.4, tegal parang, kota jakarta selatan",ChIJQzyLgYTzaS4RebsP5hyLO0c,Alfamart,ChIJQzyLgYTzaS4RebsP5hyLO0c,Tegal Parang,Mampang Prapatan,Kota Jakarta Selatan,363
alfamart tegal parang 3,4.0,148,-6.2436208,106.8322451,"qr4j+hv3, jl. tegal parang utara, rt.4/rw.7, mampang prpt., kota jakarta selatan",ChIJfecMjMTzaS4R4fJ9fakjI5Q,Alfamart,ChIJfecMjMTzaS4R4fJ9fakjI5Q,Mampang Prapatan,Mampang Prapatan,Kota Jakarta Selatan,364
alfamart,4.7,54,-6.2480985,106.8289238,"jl. mampang prapatan viii no.23, rw.2, tegal parang, kota jakarta selatan",ChIJw9fJV1DzaS4R-MkiDQkHMOY,Alfamart,ChIJw9fJV1DzaS4R-MkiDQkHMOY,Tegal Parang,Mampang Prapatan,Kota Jakarta Selatan,365
alfamart,4.4,82,-6.233785,106.7573647,"jl. kostrad pusri kel no.42 rt 04/04, rt.4/rw.4, pela mampang, kota jakarta selatan",ChIJV5SblcTwaS4RFahjIV6xK_g,Alfamart,ChIJV5SblcTwaS4RFahjIV6xK_g,Pela Mampang,Mampang Prapatan,Kota Jakarta Selatan,366
alfamart,4.5,19,-6.2534048,106.8401304,"jl. duren tiga selatan no.88, rt.1/rw.001 kel, pancoran, kota jakarta selatan",ChIJAXBtHt7zaS4RqSjmY_L6_Tg,Alfamart,ChIJAXBtHt7zaS4RqSjmY_L6_Tg,Pancoran,Mampang Prapatan,Kota Jakarta Selatan,367
alfamart,4.2,77,-6.2617535,106.8336621,"jl. kalibata tengah kel no.60, rt.10/rw.7, kalibata, kota jakarta selatan",ChIJAd72qmHzaS4RFQV01cn-_Vg,Alfamart,ChIJAd72qmHzaS4RFQV01cn-_Vg,Kalibata,Pancoran,Kota Jakarta Selatan,398
alfamart,4.1,48,-6.2658257,106.8352335,"jl.warung jati no.2, kel no.9, rt.4/rw.9, kalibata, kota jakarta selatan",ChIJa4P60zDyaS4R4wTgs1-cS5k,Alfamart,ChIJa4P60zDyaS4R4wTgs1-cS5k,Kalibata,Pancoran,Kota Jakarta Selatan,399
alfamart,4.2,161,-6.2499501,106.8363977,"jl. pancoran barat vii kel no.22, rt.9/rw.6, kalibata, kota jakarta selatan",ChIJ6RtK2MjzaS4RUM3_G2pv1Kc,Alfamart,ChIJ6RtK2MjzaS4RUM3_G2pv1Kc,Kalibata,Pancoran,Kota Jakarta Selatan,400
alfamart,4.3,185,-6.2614857,106.8419188,"jl. kalibata tengah kel no.rt. 001 / 07, rt.2/rw.7, kalibata, kota jakarta selatan",ChIJxx6tdpbzaS4RZ-Qlex8c2vI,Alfamart,ChIJxx6tdpbzaS4RZ-Qlex8c2vI,Kalibata,Pancoran,Kota Jakarta Selatan,401
alfamart,0.0,0,-6.2470074,106.8432948,"gedung l'avenue shop 1, jl. raya pasar minggu kel no.kav.16, rt.1/rw.4, kalibata, kota jakarta selatan",ChIJP1-5SVPzaS4RG7CXt6z9WAA,Alfamart,ChIJP1-5SVPzaS4RG7CXt6z9WAA,Kalibata,Pancoran,Kota Jakarta Selatan,402
alfamart pancoran barat vii,4.6,27,-6.2528699,106.8376863,"jl. pancoran barat vii no.7a, rt.15/rw.1, pancoran, kota jakarta selatan",ChIJR3f96NbzaS4RlJ7hhGiIRj4,Alfamart,ChIJR3f96NbzaS4RlJ7hhGiIRj4,Pancoran,Pancoran,Kota Jakarta Selatan,403
alfamart,3.5,2,-6.2579807,106.8499505,"apartement kalibata city tower nusa indah 08-11 kel, rt.9/rw.4, rawajati, kota jakarta selatan",ChIJgztQ37LzaS4RqexTxSjOLo8,Alfamart,ChIJgztQ37LzaS4RqexTxSjOLo8,Rawajati,Pancoran,Kota Jakarta Selatan,404
alfamart,3.9,108,-6.2656026,106.8508493,"jl. rawajati timur no.kel, rt.7/rw.6, rawajati, kota jakarta selatan",ChIJK3B8r0_yaS4RKn-EKaMgJpM,Alfamart,ChIJK3B8r0_yaS4RKn-EKaMgJpM,Rawajati,Pancoran,Kota Jakarta Selatan,405
alfamart - tower ebony,5.0,1,-6.2572846,106.8526894,"pvv3+33p, rt.9/rw.4, rawajati, south jakarta city",ChIJJwlUwbrzaS4RF4cES_63IzE,Alfamart,ChIJJwlUwbrzaS4RF4cES_63IzE,Rawajati,Pancoran,Kota Jakarta Selatan,406
alfamart,4.1,175,-6.249124,106.8586472,"jl. pengadegan timur raya no.17, rt.3/rw.2, pengadegan, kota jakarta selatan",ChIJSRHaLq_zaS4RM3bNCU2HZd8,Alfamart,ChIJSRHaLq_zaS4RM3bNCU2HZd8,Pengadegan,Pancoran,Kota Jakarta Selatan,407
alfamart,0.0,0,-6.2514477,106.8618801,"jl. pengadegan timur i no.30, rt.7/rw.1, pengadegan, kota jakarta selatan",ChIJ1YYQJfXzaS4RtiFyuIT23go,Alfamart,ChIJ1YYQJfXzaS4RtiFyuIT23go,Pengadegan,Pancoran,Kota Jakarta Selatan,408
alfamart,4.3,271,-6.2465292,106.8553284,"5 jalan pengadegan utara kel no. 6 2, cikoko, kota jakarta selatan",ChIJSzw7gK_zaS4R5IGShG4jJTk,Alfamart,ChIJSzw7gK_zaS4R5IGShG4jJTk,Cikoko,Pancoran,Kota Jakarta Selatan,409
alfamart,4.3,120,-6.2516637,106.8500804,"jl. pengadegan selatan no.no, rt.3/rw.5, pengadegan, kota jakarta selatan",ChIJy5ulebHzaS4RlZiilhvlQuQ,Alfamart,ChIJy5ulebHzaS4RlZiilhvlQuQ,Pengadegan,Pancoran,Kota Jakarta Selatan,410
alfamart,0.0,0,-6.2550819,106.8562552,"woodland park residence tower trembesi, jl. raya kalibata kel no.22, rt.6/rw.7, rawajati, kota jakarta selatan",ChIJGWu7SVDzaS4RQFrnntyC1lo,Alfamart,ChIJGWu7SVDzaS4RQFrnntyC1lo,Rawajati,Pancoran,Kota Jakarta Selatan,411
alfamart,4.0,122,-6.2494,106.84871,"jl. perdatam raya no.35, rt.7/rw.8, pengadegan, kota jakarta selatan",ChIJyX7I3bDzaS4Rb6or_7hHT18,Alfamart,ChIJyX7I3bDzaS4Rb6or_7hHT18,Pengadegan,Pancoran,Kota Jakarta Selatan,412
alfamart pengadengan barat,4.4,85,-6.245896,106.8555588,"jl. pengadegan barat raya no.21, rt.2/rw.6, pengadegan, kota jakarta selatan",ChIJD6Xy_f7zaS4RD9NxgaCPQ9I,Alfamart,ChIJD6Xy_f7zaS4RD9NxgaCPQ9I,Pengadegan,Pancoran,Kota Jakarta Selatan,413
alfamart,4.2,58,-6.289572,106.8126228,"jl. jeruk purut kel no.9 1/3, rt.1/rw.3, cilandak tim., kota jakarta selatan",ChIJf1MDyO3xaS4ReY13GALEP7U,Alfamart,ChIJf1MDyO3xaS4ReY13GALEP7U,Cilandak Timur,Pasar Minggu,Kota Jakarta Selatan,446
alfamart,4.3,4,-6.3001102,106.8147245,"jl. raya cilandak kko kel no.9, rt.1/rw.8, ragunan, kota jakarta selatan",ChIJozpfomPvaS4RLUTcDjCMduQ,Alfamart,ChIJozpfomPvaS4RLUTcDjCMduQ,Ragunan,Pasar Minggu,Kota Jakarta Selatan,447
alfamart cilandak kko 2,3.7,6,-6.3027794,106.8144748,"jl. raya cilandak kko no.1 c, rt.1/rw.8, ragunan, kota jakarta selatan",ChIJ8VidGwHuaS4RJsdTuMOoQrA,Alfamart,ChIJ8VidGwHuaS4RJsdTuMOoQrA,Ragunan,Pasar Minggu,Kota Jakarta Selatan,448
alfamart,4.3,125,-6.2927034,106.8100407,"jl. tb simatupang kel no.31, rt.2/rw.1, cilandak tim., kota jakarta selatan",ChIJny3gdfzxaS4RUrQCDUZDSHE,Alfamart,ChIJny3gdfzxaS4RUrQCDUZDSHE,Cilandak Timur,Pasar Minggu,Kota Jakarta Selatan,449
alfamart cilandak kko 3,4.4,63,-6.3094162,106.8138852,"jl. cilandak kko no.1 a rt.014/08, cilandak ragunan rt.1, rt.14/rw.7, ragunan, south jakarta city",ChIJa8XPd0DvaS4RSIXi_ygrEaA,Alfamart,ChIJa8XPd0DvaS4RSIXi_ygrEaA,Ragunan,Pasar Minggu,Kota Jakarta Selatan,450
alfamart,3.6,14,-6.2730548,106.8150264,"jl.kemang selatan x11, kel, rt.11/rw.4, cilandak tim., kota jakarta selatan",ChIJXcA3nYnxaS4RsNTOqAWbAAw,Alfamart,ChIJXcA3nYnxaS4RsNTOqAWbAAw,Cilandak Timur,Pasar Minggu,Kota Jakarta Selatan,451
alfamart,4.6,72,-6.2772249,106.8204814,"jl. ampera raya no. 120a, rt. 002/010 kel, rt.2/rw.10, ragunan, kota jakarta selatan",ChIJP1_Dhf3zaS4Rusdc7wMlXd8,Alfamart,ChIJP1_Dhf3zaS4Rusdc7wMlXd8,Ragunan,Pasar Minggu,Kota Jakarta Selatan,452
alfamart kemang selatan raya,4.8,24,-6.2739412,106.8189054,"jl. kemang sel. no.4, rw.4, raya, kota jakarta selatan",ChIJoyofGuvzaS4RM0Dyh9j3fPo,Alfamart,ChIJoyofGuvzaS4RM0Dyh9j3fPo,Cilandak Timur,Pasar Minggu,Kota Jakarta Selatan,453
alfamart,4.7,86,-6.3212652,106.8254171,"jl ry jati padang 6 rt 4/4 kel, rt.11/rw.5, kebagusan, kota jakarta selatan",ChIJ60AxeGztaS4Ru2TlJfZ6_co,Alfamart,ChIJ60AxeGztaS4Ru2TlJfZ6_co,Kebagusan,Pasar Minggu,Kota Jakarta Selatan,454
alfamart,4.4,68,-6.3169421,106.8251017,"jl. kebagusan raya kel, rt.2/rw.4, kebagusan, kota jakarta selatan",ChIJ5ecsNQftaS4R2Gym8QnVXUk,Alfamart,ChIJ5ecsNQftaS4R2Gym8QnVXUk,Kebagusan,Pasar Minggu,Kota Jakarta Selatan,455
alfamart,3.7,15,-6.3127126,106.8257501,"jl. raya jatipadang kel no.16, rt.7/rw.5, kebagusan, kota jakarta selatan",ChIJ-86bRuTtaS4Roa7AGvYD-sg,Alfamart,ChIJ-86bRuTtaS4Roa7AGvYD-sg,Kebagusan,Pasar Minggu,Kota Jakarta Selatan,456
alfamart,0.0,0,-6.3071224,106.8350381,"apart kebagusan city unit 1-ka kel, rt.1/rw.3, kebagusan, kota jakarta selatan",ChIJgfNO4B7taS4R-UWce8QYzk8,Alfamart,ChIJgfNO4B7taS4R-UWce8QYzk8,Kebagusan,Pasar Minggu,Kota Jakarta Selatan,457
alfamart - kebagusan city,4.2,17,-6.307295,106.8351857,"apartemen kebagusan city tower a, rt.1/rw.3, kebagusan, pasar minggu, rt.1/rw.3, kebagusan, kota jakarta selatan",ChIJr2pCifHtaS4RLO2T4wxkmtk,Alfamart,ChIJr2pCifHtaS4RLO2T4wxkmtk,Kebagusan,Pasar Minggu,Kota Jakarta Selatan,458
alfamart kaplongan,0.0,0,-6.2895993,106.8399531,"blok pasar minggu rt 06/02, kaplongan",ChIJWXRO9N7zaS4REwUM9xF11QI,Alfamart,ChIJWXRO9N7zaS4REwUM9xF11QI,kaplongan,Pasar Minggu,Kota Jakarta Selatan,459
alfamart,4.2,17,-6.2959898,106.8365489,"jl. gurame i, rt.2/rw.9, kel, kota jakarta selatan",ChIJkRXFMgryaS4ROng0xXn-8EU,Alfamart,ChIJkRXFMgryaS4ROng0xXn-8EU,Jati Padang,Pasar Minggu,Kota Jakarta Selatan,460
alfamart,4.0,5,-6.2777493,106.8270138,"jl. pejaten barat raya kel no.36, rt.6/rw.3, ragunan, kota jakarta selatan",ChIJ8_uaqH3zaS4Rh21wCL2tD_g,Alfamart,ChIJ8_uaqH3zaS4Rh21wCL2tD_g,Ragunan,Pasar Minggu,Kota Jakarta Selatan,461
alfamart,4.3,102,-6.2725201,106.8383983,"jl. siaga raya no.17, rt.4/rw.4 kel, pejaten bar., kota jakarta selatan",ChIJxRVKKDnyaS4RxtZdiPBr3f4,Alfamart,ChIJxRVKKDnyaS4RxtZdiPBr3f4,Pejaten Barat,Pasar Minggu,Kota Jakarta Selatan,462
alfamart,4.5,81,-6.2692393,106.8377635,"jl. siaga raya no.kel, rt.12/rw.0, pejaten bar., kota jakarta selatan",ChIJZ4vwWCzzaS4R9YOSWsktFtA,Alfamart,ChIJZ4vwWCzzaS4R9YOSWsktFtA,Pejaten Barat,Pasar Minggu,Kota Jakarta Selatan,463
alfamart pejaten 2,4.2,13,-6.2795707,106.8349757,"jl. pejaten raya (graha pejaten) no. 5 j-k, rt.7/rw.7, kel, kota jakarta selatan",ChIJnX2VLibzaS4RTmYUIBuSA9A,Alfamart,ChIJnX2VLibzaS4RTmYUIBuSA9A,Pejaten Barat,Pasar Minggu,Kota Jakarta Selatan,464
alfamart siaga raya,4.3,95,-6.2691579,106.8378314,"prjq+84j, rt.12/rw.4, west pejaten, south jakarta city",ChIJaYELyDnyaS4RCGjPIh_HyzU,Alfamart,ChIJaYELyDnyaS4RCGjPIh_HyzU,Pejaten Barat,Pasar Minggu,Kota Jakarta Selatan,465
alfamart,2.8,4,-6.2797729,106.8375655,"jl. raya jatipadang no.kel, rt.8/rw.10, jati padang, kota jakarta selatan",ChIJIXz_vBXyaS4RCwm7-7rVjP4,Alfamart,ChIJIXz_vBXyaS4RCwm7-7rVjP4,Jati Padang,Pasar Minggu,Kota Jakarta Selatan,466
alfamart,4.3,119,-6.2661947,106.8408908,"jl. h. samali kel no.3, rt.1/rw.4, pejaten bar., kota jakarta selatan",ChIJkah0xDfyaS4RVVK-oIB1NjA,Alfamart,ChIJkah0xDfyaS4RVVK-oIB1NjA,Pejaten Barat,Pasar Minggu,Kota Jakarta Selatan,467
alfamart,4.1,22,-6.2624146,106.8482494,"jl. empang tiga no.99 rt.14, rw no.kel, rt.14/rw.1, pejaten tim., kota jakarta selatan",ChIJldgfBQDzaS4RQD2w0HmvqT0,Alfamart,ChIJldgfBQDzaS4RQD2w0HmvqT0,Pejaten Timur,Pasar Minggu,Kota Jakarta Selatan,468
alfamart,4.2,30,-6.2679459,106.8470626,"jl. batu i kel no.3, rt.4/rw.1, pejaten tim., kota jakarta selatan",ChIJ7etgAUbyaS4Rltk4NYMESVU,Alfamart,ChIJ7etgAUbyaS4Rltk4NYMESVU,Pejaten Timur,Pasar Minggu,Kota Jakarta Selatan,469
alfamart,4.3,150,-6.2721008,106.8485963,"jl. angsana no 14 rt 101/5 kel, rt.10/rw.4, pejaten tim., kota jakarta selatan",ChIJf_l1EkTyaS4R9Tga6M5sprI,Alfamart,ChIJf_l1EkTyaS4R9Tga6M5sprI,Pejaten Timur,Pasar Minggu,Kota Jakarta Selatan,470
alfamart,4.4,124,-6.2726555,106.8465858,"jl. raya pasar minggu, rt.12/rw.005 kel, pejaten tim., kota jakarta selatan",ChIJx7JuK6HzaS4RmwoaiswInGQ,Alfamart,ChIJx7JuK6HzaS4RmwoaiswInGQ,Pejaten Timur,Pasar Minggu,Kota Jakarta Selatan,471
alfamart jl. kemuning (1mu1),4.6,193,-6.2732023,106.8474613,"jl. kemuning raya no.33, rt.6/rw.6, pejaten tim., kota jakarta selatan",ChIJeawFH9TzaS4RZra6zTDuY0I,Alfamart,ChIJeawFH9TzaS4RZra6zTDuY0I,Pejaten Timur,Pasar Minggu,Kota Jakarta Selatan,472
alfamart,4.4,230,-6.2768681,106.8415746,"jl. pejaten raya no.20 a, rt.10/rw.2, kel, kota jakarta selatan",ChIJEyrhCkDyaS4RLgCbuqlGxn0,Alfamart,ChIJEyrhCkDyaS4RLgCbuqlGxn0,Pejaten Barat,Pasar Minggu,Kota Jakarta Selatan,473
alfamart,4.2,157,-6.2891661,106.8244073,"jl. taman margasatwa raya kel no.10, rt.6/rw.1, ragunan, kota jakarta selatan",ChIJVZzZrgTyaS4RYhrqRJPSDok,Alfamart,ChIJVZzZrgTyaS4RYhrqRJPSDok,Ragunan,Pasar Minggu,Kota Jakarta Selatan,474
alfamart,3.9,8,-6.2856815,106.8292432,"jl. jati murni kel, rt.2/rw.7, jati padang, kota jakarta selatan",ChIJX8wPvV_zaS4Ruq74v4FNBtI,Alfamart,ChIJX8wPvV_zaS4Ruq74v4FNBtI,Jati Padang,Pasar Minggu,Kota Jakarta Selatan,475
alfamart,2.8,15,-6.3022797,106.8264828,"jl. kebagusan raya kel, rt.8/rw.7, kebagusan, kota jakarta selatan",ChIJ6zo-yIjtaS4R1-aDHKJFY0E,Alfamart,ChIJ6zo-yIjtaS4R1-aDHKJFY0E,Kebagusan,Pasar Minggu,Kota Jakarta Selatan,476
alfamart,3.8,20,-6.2416207,106.7563085,"jl. m. saidi no. 37, rt. 004 / 001 kel, rt.7/rw.5, petukangan sel., kota jakarta selatan",ChIJHWXiNejwaS4ROduEiEdqDvs,Alfamart,ChIJHWXiNejwaS4ROduEiEdqDvs,Petukangan Selatan,Pesanggrahan,Kota Jakarta Selatan,522
alfamart,4.8,8,-6.2466634,106.7620832,"jl.ulujami raya no 86 rt 1/4 kel, rw.7, ulujami, kota jakarta selatan",ChIJiZF3MRHxaS4RMkLi-3sXAfI,Alfamart,ChIJiZF3MRHxaS4RMkLi-3sXAfI,Ulujami,Pesanggrahan,Kota Jakarta Selatan,523
alfamart,0.0,0,-6.2373959,106.7584582,"jl. ciledug raya kel no.2, rt.13/rw.002, petukangan utara, kota jakarta selatan",ChIJ-agkUa3xaS4RDzBJWhZ9pAQ,Alfamart,ChIJ-agkUa3xaS4RDzBJWhZ9pAQ,Petukangan Utara,Pesanggrahan,Kota Jakarta Selatan,524
sumber alfaria trijaya. pt (alfamart),0.0,0,-6.2351522,106.7576759,"mampang prpt. jl. kostrad pusri no.42, rt.5/rw.4, petukangan utara, kota jakarta selatan",ChIJTfcbXMPwaS4RUTsckpjrLio,Alfamart,ChIJTfcbXMPwaS4RUTsckpjrLio,Petukangan Utara,Pesanggrahan,Kota Jakarta Selatan,525
alfamart,4.3,83,-6.2262738,106.7574297,"jl. palem v no.29a, rt.3/rw.008 kel, petukangan utara, kota jakarta selatan",ChIJbZxuR87waS4RypdX0qDk-Ss,Alfamart,ChIJbZxuR87waS4RypdX0qDk-Ss,Petukangan Utara,Pesanggrahan,Kota Jakarta Selatan,526
alfamart,4.1,61,-6.2333072,106.7605881,"jl. swadarma raya kel no.24, rt.18/rw.8, ulujami, kota jakarta selatan",ChIJiThZFNvwaS4RTbh3WkNuQRc,Alfamart,ChIJiThZFNvwaS4RTbh3WkNuQRc,Ulujami,Pesanggrahan,Kota Jakarta Selatan,527
alfamart,4.4,228,-6.2498001,106.7567651,"jl. merpati raya no.1, rt.3/rw.6, pesanggrahan, kota jakarta selatan",ChIJfTNH2u_waS4RfAA7VP4nhgA,Alfamart,ChIJfTNH2u_waS4RfAA7VP4nhgA,Pesanggrahan,Pesanggrahan,Kota Jakarta Selatan,528
alfamart,4.1,78,-6.2276746,106.7604631,"jl. swadarma raya kel no.9, rt.9/rw.8, ulujami, kota jakarta selatan",ChIJUXhI3AzxaS4RwEQ8G0z8fnE,Alfamart,ChIJUXhI3AzxaS4RwEQ8G0z8fnE,Ulujami,Pesanggrahan,Kota Jakarta Selatan,529
alfamart ulujami perdatam 2,4.4,278,-6.2415652,106.763046,"jl. ulujami raya no.37, rt.11/rw.5, ulujami, kota jakarta selatan",ChIJxVlcmuXxaS4RuKkkG0FzqEg,Alfamart,ChIJxVlcmuXxaS4RuKkkG0FzqEg,Ulujami,Pesanggrahan,Kota Jakarta Selatan,530
alfamart,4.1,13,-6.2562549,106.7620386,"jl. bintaro permai no.03b, rt.5/rw.2, pesanggrahan, kota jakarta selatan",ChIJd_TogY_xaS4Rr4fIDW9btxc,Alfamart,ChIJd_TogY_xaS4Rr4fIDW9btxc,Pesanggrahan,Pesanggrahan,Kota Jakarta Selatan,531
alfamart,4.5,287,-6.2583827,106.7680629,"jl. rc. veteran raya no.17h, rt.4/rw.4, bintaro, kota jakarta selatan",ChIJ19nrzXjxaS4R0lQ2di-0Tl4,Alfamart,ChIJ19nrzXjxaS4R0lQ2di-0Tl4,Bintaro,Pesanggrahan,Kota Jakarta Selatan,532
alfamart,4.5,194,-6.2746611,106.7633277,"jl. rc veteran i rt 004, rt.4/rw.7, bintaro, kota jakarta selatan",ChIJT3CjyLrxaS4R7JM0n40maFA,Alfamart,ChIJT3CjyLrxaS4R7JM0n40maFA,Bintaro,Pesanggrahan,Kota Jakarta Selatan,533
alfamart,4.4,96,-6.2609176,106.7672296,"jl. rc. veteran raya no.8, rt.10/rw.10, bintaro, kota jakarta selatan",ChIJAcbTg1XwaS4RG9XNozvVjE4,Alfamart,ChIJAcbTg1XwaS4RG9XNozvVjE4,Bintaro,Pesanggrahan,Kota Jakarta Selatan,534
alfamart,4.3,107,-6.2650903,106.7661347,"jl. rc. veteran raya no.3, rt.9/rw.1, bintaro, kota jakarta selatan",ChIJfQbLC1TwaS4R2VS9ArUGtyk,Alfamart,ChIJfQbLC1TwaS4R2VS9ArUGtyk,Bintaro,Pesanggrahan,Kota Jakarta Selatan,535
alfamart,3.9,10,-6.2633835,106.7634433,"jl. depsos raya no.20, rt.7/rw.9, bintaro, kota jakarta selatan",ChIJ6_849HLxaS4RGmSP-2LIumQ,Alfamart,ChIJ6_849HLxaS4RGmSP-2LIumQ,Bintaro,Pesanggrahan,Kota Jakarta Selatan,536
alfamart kesehatan raya dekat sari indah,0.0,0,-6.2706111,106.7594005,"circle k kesehatan, jl. kesehatan raya jl. rw. papan, rt.3/rw.6, bintaro, south jakarta city",ChIJi1XDcvTxaS4RTcqRw8n3ytE,Alfamart,ChIJi1XDcvTxaS4RTcqRw8n3ytE,Bintaro,Pesanggrahan,Kota Jakarta Selatan,537
alfamart kesehatan bintaro,4.5,359,-6.2709786,106.7638361,"jl. kesehatan raya, rt.1/rw.11, bintaro, kota jakarta selatan",ChIJJ1GSGk7waS4RaM29vu-XutM,Alfamart,ChIJJ1GSGk7waS4RaM29vu-XutM,Bintaro,Pesanggrahan,Kota Jakarta Selatan,538
pt. sumber alfaria trijaya (alfamart),0.0,0,-6.2756386,106.762513,"jl. rc. veteran raya no.16, rt.3/rw.1, bintaro, kota jakarta selatan",ChIJ6w2CLUnwaS4RyI1aYbJcdTg,Alfamart,ChIJ6w2CLUnwaS4RyI1aYbJcdTg,Bintaro,Pesanggrahan,Kota Jakarta Selatan,539
alfamart,4.1,21,-6.2742709,106.7549809,"jl. bintaro permai raya no.14 rt 4/3, rt.11/rw.11, bintaro, kota jakarta selatan",ChIJxRzCGnjxaS4RHQMj-rsrhgg,Alfamart,ChIJxRzCGnjxaS4RHQMj-rsrhgg,Bintaro,Pesanggrahan,Kota Jakarta Selatan,540
alfamart,0.0,0,-6.2698691,106.7545909,"jl. mura raya no.7, rt.14/rw.8, bintaro, south jakarta city",ChIJy7Tf1pvxaS4RaY5OqcLjQBI,Alfamart,ChIJy7Tf1pvxaS4RaY5OqcLjQBI,Bintaro,Pesanggrahan,Kota Jakarta Selatan,541
alfamart ciledug pesanggrahan,4.7,3,-6.2363047,106.7479354,"jl. ciledug raya no.3f, rt.10/rw.2, petukangan utara, kota jakarta selatan",ChIJf5s9qDHxaS4RWnBj2p2aQVc,Alfamart,ChIJf5s9qDHxaS4RWnBj2p2aQVc,Petukangan Utara,Pesanggrahan,Kota Jakarta Selatan,542
alfamart,4.2,121,-6.2350886,106.7512863,"jl. masjid darul falah kel no.4a, rt.3/rw.2, petukangan utara, kota jakarta selatan",ChIJu7akxyTxaS4RsElEKAH5zmI,Alfamart,ChIJu7akxyTxaS4RsElEKAH5zmI,Petukangan Utara,Pesanggrahan,Kota Jakarta Selatan,543
alfamart,5.0,1,-6.2427534,106.7520614,"jl. kemajuan kel no.48, rt.6/rw.6, petukangan sel., kota jakarta selatan",ChIJO5o704LxaS4RopukQoSoSlU,Alfamart,ChIJO5o704LxaS4RopukQoSoSlU,Petukangan Selatan,Pesanggrahan,Kota Jakarta Selatan,544
alfamart,4.4,189,-6.2364448,106.7524101,"jl. ciledug raya no. 10a, rt. 002/003 kel, rt.2/rw.3, petukangan utara, kota jakarta selatan",ChIJyQtTMjnxaS4RAmG4Z9miTuU,Alfamart,ChIJyQtTMjnxaS4RAmG4Z9miTuU,Petukangan Utara,Pesanggrahan,Kota Jakarta Selatan,545
alfamart,4.4,125,-6.2458404,106.7519896,"jl. damai raya kel no.2, rt.9/rw.5, petukangan sel., kota jakarta selatan",ChIJCZ41mAzxaS4RmvfdRLwHuNU,Alfamart,ChIJCZ41mAzxaS4RmvfdRLwHuNU,Petukangan Selatan,Pesanggrahan,Kota Jakarta Selatan,546
alfamart,4.3,45,-6.2430094,106.748566,"jl. inpres no.54, kel no.02, rt.14/rw.2, petukangan sel., kota jakarta selatan",ChIJ3ea0GOvwaS4RUn2P0PG59CU,Alfamart,ChIJ3ea0GOvwaS4RUn2P0PG59CU,Petukangan Selatan,Pesanggrahan,Kota Jakarta Selatan,547
alfamart budi luhur,4.7,3,-6.2363032,106.7479061,"jl. ciledug raya no.22, rt.10/rw.2, petukangan utara, kota jakarta selatan",ChIJZ3iYT7PxaS4RlMn9hgZzoXA,Alfamart,ChIJZ3iYT7PxaS4RlMn9hgZzoXA,Petukangan Utara,Pesanggrahan,Kota Jakarta Selatan,548
alfamart,4.2,220,-6.230082,106.7457079,"jl. h. muchtar raya rt 05/1 kel, rt.5/rw.1, petukangan utara, kota jakarta selatan",ChIJ04xV4tLxaS4RJ5m-u5L84Po,Alfamart,ChIJ04xV4tLxaS4RJ5m-u5L84Po,Petukangan Utara,Pesanggrahan,Kota Jakarta Selatan,549
alfamart,0.0,0,-6.2260319,106.7445316,"jl. h. muchtar raya kel, rt.8/rw.11, petukangan utara, kota jakarta selatan",ChIJU2gAqwDxaS4Ri6ZzCqxukos,Alfamart,ChIJU2gAqwDxaS4Ri6ZzCqxukos,Petukangan Utara,Pesanggrahan,Kota Jakarta Selatan,550
outlet binaan alfamart,0.0,0,-6.2273784,106.7526256,"jl. masjid darul falah no.8, rw.3, petukangan utara, kota jakarta selatan",ChIJvajR18jwaS4RsJDl7rn-tu8,Alfamart,ChIJvajR18jwaS4RsJDl7rn-tu8,Petukangan Utara,Pesanggrahan,Kota Jakarta Selatan,551
alfamart h. muchtar 2,4.5,235,-6.2260342,106.7445134,"jl. h. muchtar raya no.41, rt.8/rw.11, petukangan utara, kota jakarta selatan",ChIJT6yVZrbwaS4RgDyhIXMu-qo,Alfamart,ChIJT6yVZrbwaS4RgDyhIXMu-qo,Petukangan Utara,Pesanggrahan,Kota Jakarta Selatan,552
alfamart,3.0,1,-6.2303643,106.8218469,"jl. guru mughni kel no.12, rt.1, kuningan, kuningan tim., kota jakarta selatan",ChIJR3_-W0XzaS4Ra2KJ49HgobM,Alfamart,ChIJR3_-W0XzaS4Ra2KJ49HgobM,Kuningan Timur,Setiabudi,Kota Jakarta Selatan,580
alfamart,4.8,5,-6.226305,106.8191669,"apartemen taman semanggi, jl. akri kel no.136, rt.8/rw.2, karet semanggi, kota jakarta selatan",ChIJZSNypFjzaS4RiqX0yBCekAw,Alfamart,ChIJZSNypFjzaS4RiqX0yBCekAw,Karet Semanggi,Setiabudi,Kota Jakarta Selatan,581
alfamart guru mugni 2,3.8,25,-6.2304158,106.8213373,"jl. peltu rahmat sidup no.7 kuningan rt.1, rt.1, rt.1, kuningan, kuningan tim., kota jakarta selatan",ChIJ7z1SCOPzaS4RUqc62WYc7_E,Alfamart,ChIJ7z1SCOPzaS4RUqc62WYc7_E,Kuningan Timur,Setiabudi,Kota Jakarta Selatan,582
alfamart satrio,4.7,12,-6.2256225,106.8301711,"jl. prof. dr. satrio no.9, rt.7/rw.2, kuningan, kuningan tim., kota jakarta selatan",ChIJRSP9X8HzaS4ROIFGu7jBrKg,Alfamart,ChIJRSP9X8HzaS4ROIFGu7jBrKg,Kuningan Timur,Setiabudi,Kota Jakarta Selatan,583
alfamart,4.7,11,-6.2189325,106.8302356,"jl.hr. rasuna said kav. 3 - 5 kel, rt.6/rw.7, kuningan, setia budi, kota jakarta selatan",ChIJXVCj6unzaS4R3_PYMijRI8o,Alfamart,ChIJXVCj6unzaS4R3_PYMijRI8o,Setia Budi,Setiabudi,Kota Jakarta Selatan,584
alfamart,5.0,3,-6.2392783,106.832538,"jl. gatot subroto no.kav 56, rt.1/rw.4, kuningan tim., kota jakarta selatan",ChIJXb2FxfXzaS4RMmmtYeQEE18,Alfamart,ChIJXb2FxfXzaS4RMmmtYeQEE18,Kuningan Timur,Setiabudi,Kota Jakarta Selatan,585
alfamart,2.6,5,-6.216808,106.8179903,"jl. jenderal sudirman kel no.kav. 45-46, rt.3/rw.4, setia budi, kota jakarta selatan",ChIJM7-EqKr2aS4Rv5IqHeB_HY0,Alfamart,ChIJM7-EqKr2aS4Rv5IqHeB_HY0,Setia Budi,Setiabudi,Kota Jakarta Selatan,586
alfamart,0.0,0,-6.22884,106.83263,"ariobimo sentral, jl. h. r. rasuna said no.kel, rt.1/rw.2, kuningan, kuningan tim., kota jakarta selatan",ChIJj_61hA3zaS4RYO2Bom0a2e0,Alfamart,ChIJj_61hA3zaS4RYO2Bom0a2e0,Kuningan Timur,Setiabudi,Kota Jakarta Selatan,587
alfamart,4.3,66,-6.216338,106.8203685,"jl. bek murad no.7, rt.8/rw.001 kel, kuningan, karet kuningan, kota jakarta selatan",ChIJqxVWcJX1aS4RUAMlnS81uJM,Alfamart,ChIJqxVWcJX1aS4RUAMlnS81uJM,Karet Kuningan,Setiabudi,Kota Jakarta Selatan,588
alfamart,4.3,151,-6.216512,106.8278755,"jl. anggrek 3 kel no.25 b, rt.19/rw.2, kuningan, karet kuningan, kota jakarta selatan",ChIJd8d5kgf0aS4RZrS7fXlU-kg,Alfamart,ChIJd8d5kgf0aS4RZrS7fXlU-kg,Karet Kuningan,Setiabudi,Kota Jakarta Selatan,589
alfamart,4.0,1,-6.2130459,106.825213,"jl. karet belakang barat jl. karbela no.kel, rt.1/rw.2, kuningan, karet kuningan, kota jakarta selatan",ChIJg9H4zDH1aS4Rm3_YlVTAJaY,Alfamart,ChIJg9H4zDH1aS4Rm3_YlVTAJaY,Karet Kuningan,Setiabudi,Kota Jakarta Selatan,590
alfamart setiabudibarat,5.0,1,-6.2104934,106.8230285,"jl. setiabudi raya no.2, rw.2, kuningan, kota jakarta selatan",ChIJRScsryb1aS4RlODMjqPRKNU,Alfamart,ChIJRScsryb1aS4RlODMjqPRKNU,Kuningan,Setiabudi,Kota Jakarta Selatan,591
alfamart,4.3,263,-6.2138855,106.8266392,"jl. karet belakang i no.2, rt.3/rw.4, kuningan, karet, kota jakarta selatan",ChIJUyMhTgb0aS4RgL8lQLR7f34,Alfamart,ChIJUyMhTgb0aS4RgL8lQLR7f34,Karet,Setiabudi,Kota Jakarta Selatan,592
sumber alfaria trijaya. pt (alfamart),3.0,1,-6.2136259,106.8206906,"jl. penjernihan i no.10, rt.4/rw.2, kuningan, karet, kota jakarta selatan",ChIJo-s9oAH0aS4RVJ8YUgAM_DY,Alfamart,ChIJo-s9oAH0aS4RVJ8YUgAM_DY,Karet,Setiabudi,Kota Jakarta Selatan,593
alfamart karbela 3,4.3,25,-6.2092301,106.8266949,"jl. setia budi tengah no.5, rt.1/rw.1, kuningan, kota jakarta selatan",ChIJNYn7SAf0aS4RXmIS9qwhxQU,Alfamart,ChIJNYn7SAf0aS4RXmIS9qwhxQU,Kuningan,Setiabudi,Kota Jakarta Selatan,594
alfamart karbela 2,3.8,5,-6.2154088,106.8281067,"jl. karbela, gg. anggrek xii kel no.10, rt.18/rw.2, kuningan, karet kuningan, kota jakarta selatan",ChIJAy-tiaj1aS4RDnaS0bHpQiw,Alfamart,ChIJAy-tiaj1aS4RDnaS0bHpQiw,Karet Kuningan,Setiabudi,Kota Jakarta Selatan,595
alfamart,0.0,0,-6.213906,106.831112,"jl. h. r. rasuna said no.kav. 3, rt.3/rw.5, setia budi, kota jakarta selatan",ChIJj0q3Toz1aS4RmEbgm7uw19A,Alfamart,ChIJj0q3Toz1aS4RmEbgm7uw19A,Setia Budi,Setiabudi,Kota Jakarta Selatan,596
alfamart bakrie tower,4.7,6,-6.2193385,106.8344896,"bakrie tower, jl. epicentrum utama raya no.2, rt.2/rw.5, karet kuningan, south jakarta city",ChIJW44xTg70aS4RnoQoC3ewjZY,Alfamart,ChIJW44xTg70aS4RnoQoC3ewjZY,Karet Kuningan,Setiabudi,Kota Jakarta Selatan,597
alfamart menteng atas selatan 3,3.5,8,-6.2177142,106.8386021,"qrjq+wc9, rt.9/rw.4, menteng atas, south jakarta city",ChIJ3YwKPTbzaS4RVeL7N3tKQps,Alfamart,ChIJ3YwKPTbzaS4RVeL7N3tKQps,Menteng Atas,Setiabudi,Kota Jakarta Selatan,598
alfamart pasar manggis,4.8,5,-6.2140038,106.8427878,"jl. payakumbuh no.56, rt.11/rw.9, ps. manggis, kota jakarta selatan",ChIJ41SXHGn1aS4R33isZf_v_DY,Alfamart,ChIJ41SXHGn1aS4R33isZf_v_DY,Pasar Manggis,Setiabudi,Kota Jakarta Selatan,599
alfamart minangkabau,4.5,146,-6.2125368,106.8445336,"jl. minangkabau barat no.2, rw.10, ps. manggis, kota jakarta selatan",ChIJ2wTpYf71aS4RoHjLXsoGgMw,Alfamart,ChIJ2wTpYf71aS4RoHjLXsoGgMw,Pasar Manggis,Setiabudi,Kota Jakarta Selatan,600
alfamart,3.8,6,-6.2172074,106.8442193,"jl.dr. saharjo no. 96, kel no.1, rt.1/rw.7, menteng atas, kota jakarta selatan",ChIJpTDO7ojzaS4Rr4Rj2cGIbD4,Alfamart,ChIJpTDO7ojzaS4Rr4Rj2cGIbD4,Menteng Atas,Setiabudi,Kota Jakarta Selatan,601
alfamart muria tanjakan,4.6,35,-6.2119276,106.8380365,"jl. muria tanjakan gg. c2 no.6, rt.1/rw.12, ps. manggis, kota jakarta selatan",ChIJ5Si0x671aS4RNBFEQK-tApQ,Alfamart,ChIJ5Si0x671aS4RNBFEQK-tApQ,Pasar Manggis,Setiabudi,Kota Jakarta Selatan,602
alfamart sawah lunto,4.6,169,-6.2140088,106.842788,"11, jl. minangkabau barat no.58d, rt.11/rw.9, ps. manggis, kota jakarta selatan",ChIJaSlK6PT1aS4RrBHGJkrlQ1k,Alfamart,ChIJaSlK6PT1aS4RrBHGJkrlQ1k,Pasar Manggis,Setiabudi,Kota Jakarta Selatan,603
alfamart,3.7,18,-6.210939,106.8421901,"jl. menteng wadas timur no. 12, kel no.01, rt.2/rw.1, ps. manggis, kota jakarta selatan",ChIJ65NqKXP0aS4R5fP1Zj0JGls,Alfamart,ChIJ65NqKXP0aS4R5fP1Zj0JGls,Pasar Manggis,Setiabudi,Kota Jakarta Selatan,604
alfamart mwtm (k795),4.4,5,-6.2109303,106.8421876,"jl. menteng wadas timur no.18b, rt.9/rw.1, ps. manggis, kota jakarta selatan",ChIJH1n1T3P0aS4R6agOTLlpnCg,Alfamart,ChIJH1n1T3P0aS4R6agOTLlpnCg,Pasar Manggis,Setiabudi,Kota Jakarta Selatan,605
alfamart,4.4,131,-6.2086877,106.8245274,"jl. setia budi barat no.5, rt. 004/003, rt.5/rw.3, kuningan, setia budi, kota jakarta selatan",ChIJuTCdkAT0aS4RNniucbDH9dc,Alfamart,ChIJuTCdkAT0aS4RNniucbDH9dc,Setia Budi,Setiabudi,Kota Jakarta Selatan,606
alfamart menteng atas,5.0,3,-6.2140737,106.8402247,"jl. menteng atas no.9, rw.12, kuningan, pasar manggis, south jakarta city",ChIJ9zeEzdD1aS4Rcj8jslVXWzQ,Alfamart,ChIJ9zeEzdD1aS4Rcj8jslVXWzQ,Pasar Manggis,Setiabudi,Kota Jakarta Selatan,607
alfamart rasamala,5.0,2,-6.234524,106.839845,"jl. rasamala raya no.29, rt.1/rw.9, menteng dalam, kota jakarta selatan",ChIJEYL_Dc7zaS4RB34juQUJWKA,Alfamart,ChIJEYL_Dc7zaS4RB34juQUJWKA,Menteng Dalam,Tebet,Kota Jakarta Selatan,642
alfamart,4.3,68,-6.2295531,106.8467864,"jl dr soepomo sh no 73d menten, rt.2/rw.15, menteng dalam, kota jakarta selatan",ChIJFRyV05PzaS4RMYjyqWOO87o,Alfamart,ChIJFRyV05PzaS4RMYjyqWOO87o,Menteng Dalam,Tebet,Kota Jakarta Selatan,643
alfamart,4.4,43,-6.2339941,106.8496706,"jl. tebet barat, no. iv, no. 7, rt. 016 / 04, kel, rt.16/rw.2, tebet bar., kota jakarta selatan",ChIJ9Vwe-pbzaS4RRlQmSFdW96A,Alfamart,ChIJ9Vwe-pbzaS4RRlQmSFdW96A,Tebet Barat,Tebet,Kota Jakarta Selatan,644
alfamart abdullah syafei,4.3,56,-6.2233659,106.8491521,"jl. kh. abdullah syafei no.27, kel no.01, rt.4/rw.1, manggarai sel., kota jakarta selatan",ChIJAUMc7Y7zaS4RgN_gPmZvDbU,Alfamart,ChIJAUMc7Y7zaS4RgN_gPmZvDbU,Manggarai Selatan,Tebet,Kota Jakarta Selatan,645
alfamart,4.4,115,-6.2296444,106.8533086,"jl. tebet raya no.10a, rt.9/rw.4 kel, tebet tim., kota jakarta selatan",ChIJrwK7gpDzaS4RiLpXd52lzmk,Alfamart,ChIJrwK7gpDzaS4RiLpXd52lzmk,Tebet Timur,Tebet,Kota Jakarta Selatan,646
alfamart,4.2,247,-6.2321153,106.8526155,"jl. tebet timur raya kel no.10a, rw.5, tebet tim., kota jakarta selatan",ChIJvxCSrJDzaS4RKB-Id--kE3M,Alfamart,ChIJvxCSrJDzaS4RKB-Id--kE3M,Tebet Timur,Tebet,Kota Jakarta Selatan,647
alfamart,4.3,21,-6.2349423,106.8570767,"jl. tebet timur dalam raya kel no.9, rt.5/rw.6, tebet tim., kota jakarta selatan",ChIJHxShupTzaS4Rfd_GHD6Fkqw,Alfamart,ChIJHxShupTzaS4Rfd_GHD6Fkqw,Tebet Timur,Tebet,Kota Jakarta Selatan,648
alfamart,4.3,94,-6.2380031,106.8602481,"jl. asem baris raya no.146, rt.11/rw.012 kel, kb. baru, kota jakarta selatan",ChIJ515758zzaS4RzrzdPn8horE,Alfamart,ChIJ515758zzaS4RzrzdPn8horE,Kebon Baru,Tebet,Kota Jakarta Selatan,649
alfamart express,0.0,0,-6.2425745,106.8586384,"jl. tebet timur raya no.55, rw.14, tebet tim., kota jakarta selatan",ChIJA4mAfRjzaS4RW9IHZeqsAaw,Alfamart,ChIJA4mAfRjzaS4RW9IHZeqsAaw,Tebet Timur,Tebet,Kota Jakarta Selatan,650
alfamart,3.0,2,-6.23345,106.85983,"jl. asem baris raya kel no.8 rt 2/6, rt.2/rw.6, kb. baru, kota jakarta selatan",ChIJufbg8FXzaS4RNHykvXTY9ec,Alfamart,ChIJufbg8FXzaS4RNHykvXTY9ec,Kebon Baru,Tebet,Kota Jakarta Selatan,651
alfamart tebet utara dalam,0.0,0,-6.2271362,106.8550131,"10, jl. tebet utara dalam no.14, rw.1, tebet tim., kota jakarta selatan",ChIJ2y6N7cbzaS4Rq34j25qX_tE,Alfamart,ChIJ2y6N7cbzaS4Rq34j25qX_tE,Tebet Timur,Tebet,Kota Jakarta Selatan,652
alfamart asem baris dua,4.5,17,-6.2408562,106.860392,"jl. asem baris raya no.12, rt.6/rw.14, kb. baru, kota jakarta selatan",ChIJcX-mR6HzaS4RpaepHq-g7uc,Alfamart,ChIJcX-mR6HzaS4RpaepHq-g7uc,Kebon Baru,Tebet,Kota Jakarta Selatan,653
alfamart asem baris 9,3.3,3,-6.2315332,106.8595579,"jl. asem baris raya no.2, rt.4/rw.4, kb. baru, kota jakarta selatan",ChIJu7E9QdjzaS4RRrwgvXYkovU,Alfamart,ChIJu7E9QdjzaS4RRrwgvXYkovU,Kebon Baru,Tebet,Kota Jakarta Selatan,654
alfamart,0.0,0,-6.2422578,106.8586157,"jl. tebet timur dalam ii jl. letjen m.t. haryono no.kel, rt.11/rw.6, tebet tim., kota jakarta selatan",ChIJVZBHaVfzaS4RFTjXgXG6zA0,Alfamart,ChIJVZBHaVfzaS4RFTjXgXG6zA0,Tebet Timur,Tebet,Kota Jakarta Selatan,655
alfamart,4.3,6,-6.241123,106.860408,"no., jl. asem baris raya no.12, rt.6/rw.14, kb. baru, kota jakarta selatan",ChIJeSn3SKHzaS4R_WptlUHhqUU,Alfamart,ChIJeSn3SKHzaS4R_WptlUHhqUU,Kebon Baru,Tebet,Kota Jakarta Selatan,656
alfamart apartemen signature,3.0,2,-6.2427469,106.8545314,"jl. letjen m.t. haryono no.10, rw.9, tebet tim., kota jakarta selatan",ChIJaY52jS7zaS4Rhs70E5KpMKc,Alfamart,ChIJaY52jS7zaS4Rhs70E5KpMKc,Tebet Timur,Tebet,Kota Jakarta Selatan,657
alfamart lapangan ros hrn,3.7,9,-6.225838,106.8587398,"jl. kh abdullah syafei no.45, rt.1/rw.3, kb. baru, kota jakarta selatan",ChIJw46yqITzaS4ROj6VVe4JA9g,Alfamart,ChIJw46yqITzaS4ROj6VVe4JA9g,Kebon Baru,Tebet,Kota Jakarta Selatan,658
alfamart,5.0,4,-6.22586,106.8587594,"rt.1/rw.5, kb. baru, kota jakarta selatan",ChIJqeWQWf7zaS4RJW-5-q6ZFk8,Alfamart,ChIJqeWQWf7zaS4RJW-5-q6ZFk8,Kebon Baru,Tebet,Kota Jakarta Selatan,659
alfamart,0.0,0,-6.2140499,106.8468344,"jl. mampang prapatan xviii no.01, rt.8/rw.rw, manggarai, kota jakarta selatan",ChIJu8pW-M_1aS4RNa-MGFln8O8,Alfamart,ChIJu8pW-M_1aS4RNa-MGFln8O8,Manggarai,Tebet,Kota Jakarta Selatan,660
alfamart swadaya 1,4.3,131,-6.2140595,106.8468424,"jl. swadaya 1 no.25, rt.8/rw.8, manggarai, kota jakarta selatan",ChIJAWHbLHT0aS4RKMOn7LcwAFo,Alfamart,ChIJAWHbLHT0aS4RKMOn7LcwAFo,Manggarai,Tebet,Kota Jakarta Selatan,661
alfamart,4.2,21,-6.2210936,106.8542056,"jl. bukit duri selatan kel no.1, rt.4/rw.4, bukit duri, kota jakarta selatan",ChIJXYFIBYbzaS4R8Sd5JpbmsT0,Alfamart,ChIJXYFIBYbzaS4R8Sd5JpbmsT0,Bukit Duri,Tebet,Kota Jakarta Selatan,662
alfamart bukit duri utara,5.0,1,-6.2168284,106.8551025,"10, jl. bukit duri utara raya no.27, rw.1, bukit duri, kota jakarta selatan",ChIJKdryITrzaS4Rr3YGBQKOJss,Alfamart,ChIJKdryITrzaS4Rr3YGBQKOJss,Bukit Duri,Tebet,Kota Jakarta Selatan,663
alfamart,4.0,2,-6.2099697,106.8503501,"stasiun manggarai, rt.15/rw.4, manggarai, kota jakarta selatan",ChIJsxTMGoP1aS4RKrbP3zhaAww,Alfamart,ChIJsxTMGoP1aS4RKrbP3zhaAww,Manggarai,Tebet,Kota Jakarta Selatan,664
alfamart express,0.0,0,-6.2107225,106.8508269,"qvq2+p84, rt.15/rw.4, manggarai, south jakarta city",ChIJQYHKz8b1aS4RneZiLSv-nAY,Alfamart,ChIJQYHKz8b1aS4RneZiLSv-nAY,Manggarai,Tebet,Kota Jakarta Selatan,665
alfamart,4.3,22,-6.2209506,106.8501247,"jl. albarkah kel no.4, rw.3, manggarai sel., kota jakarta selatan",ChIJF9_lmLfzaS4RB63H3egCn4M,Alfamart,ChIJF9_lmLfzaS4RB63H3egCn4M,Manggarai Selatan,Tebet,Kota Jakarta Selatan,666
alfamart bkd,4.5,6,-6.2198946,106.8557831,"jl. tekukur dalam no.21-31, rt.9/rw.2, bukit duri, kota jakarta selatan",ChIJcVc1XIbzaS4RcyP2izqoYHE,Alfamart,ChIJcVc1XIbzaS4RcyP2izqoYHE,Bukit Duri,Tebet,Kota Jakarta Selatan,667
alfamart,3.9,26,-6.2237489,106.8551894,"jl. sawo kecik raya no.4, rt.0 kel, rt.6/rw.6, bukit duri, kota jakarta selatan",ChIJ7U7upoXzaS4RujBBzm_mTGw,Alfamart,ChIJ7U7upoXzaS4RujBBzm_mTGw,Bukit Duri,Tebet,Kota Jakarta Selatan,668
alfamart,3.9,18,-6.2218534,106.8588398,"jl. bukit duri tanjakan no.kel, rt.13/rw.44, bukit duri, kota jakarta selatan",ChIJ_Q3dB4TzaS4RZxSq_Ptr8NY,Alfamart,ChIJ_Q3dB4TzaS4RZxSq_Ptr8NY,Bukit Duri,Tebet,Kota Jakarta Selatan,669
alfamart komplek selmis,0.0,0,-6.2258337,106.8589905,"jl. asem baris raya no.3, rt.3/rw.9, kebon baru, south jakarta city",ChIJ0dPodPrzaS4RE47Rr8Mz77Y,Alfamart,ChIJ0dPodPrzaS4RE47Rr8Mz77Y,Kebon Baru,Tebet,Kota Jakarta Selatan,670
alfamart bukit duri selatan,0.0,0,-6.2212139,106.856739,"jl. cucakrawa no.882, rt.8/rw.4, bukit duri, kota jakarta selatan",ChIJ8a2fcwfzaS4Rte3SBP5Gj_0,Alfamart,ChIJ8a2fcwfzaS4Rte3SBP5Gj_0,Bukit Duri,Tebet,Kota Jakarta Selatan,671
alfamart stasiu,5.0,3,-6.2258686,106.8586468,"qvf5+mfc, flyover stasiun tebet, rt.3/rw.9, kb. baru, kota jakarta selatan",ChIJYRBiI-rzaS4RBW5LKzm2-yY,Alfamart,ChIJYRBiI-rzaS4RBW5LKzm2-yY,Kebon Baru,Tebet,Kota Jakarta Selatan,672
alfamart barkah ii,0.0,0,-6.2197686,106.8511829,"jl. barkah i no.14, rw.6, manggarai sel., kota jakarta selatan",ChIJ85lVEnTzaS4RHy8f_3cmsuI,Alfamart,ChIJ85lVEnTzaS4RHy8f_3cmsuI,Manggarai Selatan,Tebet,Kota Jakarta Selatan,673
alfamart,4.5,117,-6.2247584,106.8629242,"jl. kp. melayu kecil no.17 a, rt.12/rw.9, bukit duri, kota jakarta selatan",ChIJmxbt6ILzaS4RDljYoNQLKVc,Alfamart,ChIJmxbt6ILzaS4RDljYoNQLKVc,Bukit Duri,Tebet,Kota Jakarta Selatan,674
